index	label	text
0	1	GCGGCTGGGAGCAGAGTCTACGGGGCACCGAGAGGCAGGTG
1	1	GGGGGTTGGCTCTGCGCCGCCGTTGCCCTGTGTTCGGGCCC
2	1	CCTTCCCCCTTTCTCGACGCCGCAGCAGAGTTAATGAGGCC
3	1	CCAGGGGTGCGCGACCTCCTCGGCCCATCTCATCTTCCTCT
4	1	AGGCAGCCCCCTCTGGCATACGGTTTATCTTACCCAAAGGA
5	1	GGCGTCGCTAGGCTGGAGGGCGGCCCTTGAGTTGGGGGCTG
6	1	GAAGCCGCCTCGCTGCCTGCCGATGCACTGGGAGCCCCGTG
7	1	GCTTCAGTGGAGCCCTGCCCCGCGTGGTCTGCAAAGCCTGG
8	1	TCCTTCCAGAGAATCCCTGGCGGCATCTCACAAGCAACATA
9	1	CTGGCTGGTGGTAACAGAGGCGATGCTGCTGGACGCCCAGG
10	1	AGTGAGATAAACAGTTAAGACGTTCACCAGTTCCTGTGGCA
11	1	CTTCCTCTCCCCACCTGGCACGTCACCAAACCTGCGACTGT
12	1	AGCTGGGAGGACAGGTGCCCCGGCCTCTTTCTCGGAGAAGA
13	1	CACGGCATAGTCACAGAGAACGACAACACCGTGCTCCTCGA
14	1	GCAGCCTGGCTCTCCCTCTGCGCTCTCTTCCCACCTACACA
15	1	CTGAGTGTAACTACCAGGTACGGCCACAGCCAGATGGGCTC
16	1	GGAAGCAGTGCTCCCGGCTCCGAGGAGGGGACTCTGCCCAC
17	1	GCCATCCAGCCGGAGCCCTCCGGCAGCATCGTAAGGCCTTC
18	1	TCCTTTTGACAGGGAGGATGCGAGCTCCCGTCCAGCAGGAA
19	1	GAGGAGGGAATATGAGCTGCCGCAGGAGCTGGTCAGGAAGG
20	1	TCAGGCCCACCTCGGTGTTACGGGTCTGATGAGAAAGAAGG
21	1	GGCTTGAAGGCCAGTGTCACCGTATGGTCTCATAAAAACTC
22	1	CAGAAGCTCTCAGTTACTGCCGGGCATCTATGTATCAAGCA
23	1	GAGTGAAGAAGCTGAAGTGCCGGAGGAAGCCACCTGCCATC
24	1	TCTCCCAACAGAGTGCACTACAGCACAAAGCAAACTTCTAC
25	1	CCTGGTCAAGTTGAGATTTCCGAGTCAAATGAATTAGCGGA
26	1	TCCTCTTCTGGGGTTGTGGACGTCAGCTCCCGGGCTGACCC
27	1	CCCTCTCTGTAAGCTGGAAGCGGTACTTGTGAGGCTGAGGC
28	1	CTGGAATCCAGGGGGATTAACGGCGGAGAAAAGGGAACAGC
29	1	GGAAGGCGAGGAGCCGGGGGCGGGGCCGTCCCAGCTGAGGA
30	1	ACAGGAGAGAAGTTAGTTTCCGAACACTAGGGTGTCAGGGC
31	1	GTTCGTGACTGAGCCCTGGGCGGCATTTCCGGAGGCAGGCC
32	1	AATGGCGTGAACCCGGGAGGCGGAGCTTGTAGTGAGCCGAG
33	1	GTTCCACATCCTGAACAATACGTAAGTGACCAGGCCACCTA
34	1	CCAGTTATACATGGAGCCATCGAAGAGAGATTTCAGCACTC
35	1	CTCTCTCCGCTCTGGCACTGCGTGTGCAAGATCCAGCCACC
36	1	CACAGGCAGAGGTGTGTGCGCGCGCGCGTGTGTGTGTGTGT
37	1	GCGGCCCTGTCGCCTCGCCCCGGATTATTTACCCCCAACCC
38	1	CCTTCACTGTCCCGGCTTTGCGTCAGCCAGATTGCTCAAGC
39	1	GATTACAGGGGGAGCCTGAGCGGCCATGGCTGAGGGCCCAG
40	1	CAAAGTGCTGGGATTACAGGCGTGAGTCACTGTGCCTGGCC
41	1	CAGACAACTGCCCACTGCTCCGAATGCTGAGTGTGTCTGAG
42	1	GAGCAGTGGTTCTCCCAGCACGCAACTGGAGATCTGAGAAC
43	1	TGTGTGTGTGTGTGCGCGCGCGCGCGATGTGCACATACATG
44	1	CCCGCTCGCCCGTGTTGGCTCGCTGTCAATATAGAGACCCA
45	1	AGATTCTCTCAGGTGAACAGCGAGAGCCCCAGGACCCTGGG
46	1	GGGGGAGGGACGTGTGCAGGCGGAATGGACTCCTCATCCTG
47	1	CAAAGACGGCCAAGCAGAGACGGAGTTAAATGAGCGGCAGC
48	1	TTTTTTTTTTTTTTTTGAAACGGAGTCTCGCTCTGTCACCC
49	1	CCCAGGCCGGACTGCAGTGGCGCTATCTCGGCTTCCTGCAA
50	1	AGTCTGCTGCAGCGCTGGGGCGCCAGTTTTAGGAGAGGCGC
51	1	AGGAGAGTTGGAGTATGTTACGCATTCCCTGCAATCCAATC
52	1	GTCCCAGCTACTCAGCTACTCGGGAGGCTGAGGTAGGAGAA
53	1	TGGGAGGCGATGGGCGCCAACGAGGGCTGAGCCTGCAGCTC
54	1	TCCCGGGTGAGGCGATGCCTCGCCCTGCTTCGGCTCATGCT
55	1	CCCAGAGAATCGGAGGGGGGCGCTGGGGTTAGCACCGACTG
56	1	CACGAATTAGAAGACTCAGTCGTGTAAAGATGTTCATTTAC
57	1	TGGATGGAGAACGACTTTGACGAGCTGAGAAAAGAAGGCTT
58	1	ATGCAATCTCAATAAAACTACAAAAATTTTTTTTTGGTGGA
59	1	TACTTTCAAATAATTTTTCACGAATGCTAAAGGAACAAATC
60	1	ATATGTACAACTTGTGGGATCGTTTTGTAAAAGTATATAGT
61	1	TGGCCGAATAGGAACAGCTCCGGTCTACAGCTCCCAGCGTG
62	1	GGAGTGCAGTGGTGAGATCTCGGCTAACCGCAACTTCCGCC
63	1	CTGGGAGGGAGAATTTGACCCGGAGCTTACATTCACCATCT
64	1	CAAAACCTACAACAGATACACGAAAAATTTCAGCAAGAAAT
65	1	ACTCACAATCATGCTCCCTGCGCTGGCTTTGTCAGATACCC
66	1	CTCTGCAGTATCACAGACAGCGCCAGAGCCTCGTCTCTCTT
67	1	CCCAGGAAGAGGAGGCGGCCCGGGAGGCTGAATCCACCCAG
68	1	TGTGGCTTCTCCCAGCAGCCCGGCAATCTGGAGTAAAATCT
69	1	CAGTCAGGTGTGGCGGCGCGCGCCTGCAATCCCAGGCACTC
70	1	GTTCTTTCCTCTGGAAGCTTCGTCCCAGAGGGCACCCGCCA
71	1	AGGGATGGAACTAAGCTGGCCGAACTCCAAGGGAAGACTAC
72	1	CTTAGTAAATCAGGTCATCACGATGAAAACACTGTTACCAT
73	1	CTCCAGCCTGGGCGACAGAGCGAGACTCCGTCTCAAAAAAA
74	1	GTTGTCCAGGCTGCTGTTGACGTGATACTTCCGCCTGGGCC
75	1	CTTCTAAAATAGACACTCTACAGCAATAAAATTGGAGCCAT
76	1	GGGGTTGGTGCAAGGGGCCACGGTTGCTCTGCGGCCCAGGA
77	1	CTGGTTCCTAAAGAAAGGCCCGCCTACACTTCGGGGTTGCA
78	1	ATGTTTATTCCTAATCAGAACGCAATTCTATTCAGGTTACT
79	1	ATCACTGTAGTGCTGCTTTCCGAAGCTCCTATCACCTGCGG
80	1	GGAGCATGGTGGGACAGTCACGGGGCAGGGAGCACTGTGGG
81	1	CCCCGCCCGGCCGGCCACCCCGTCCGGGAGGTGAGGGGCGC
82	1	CTGTCTTTGGGCTACTCTAGCGGCTGAGCTTAGGGAGGGGA
83	1	AGTTGGGCCTGCAAAGTCCTCGGTGTGTGGCGAGCACGTGG
84	1	TGGGGGCAGGGTGCAGGGAGCGGGGCGGAGGGGGGAGTGGT
85	1	GGAGTATTCGGCGTTGATTGCGGGGCACCCGAAATCAGACT
86	1	CCTCTTCTCTTCCCATCTGCCGGCCCTTAGCACACACCACA
87	1	TCACTTCCCAGACAGTGCAGCGGCCAGGTTAGGGGCTCCTC
88	1	CGTGCAGGTCACAGGGGATGCGATGGCTTGGCTTGGGCTCA
89	1	TGAACCCAGAGGCAGGTGCACGCGAGTGTCCTGCTGGCCCC
90	1	ACCAGGAAGAATTAAGAACACGGACACATTGAAGGGTGAAG
91	1	TAATTAAGAACATGTATGTACAGTCGTGCATACATCATGTA
92	1	TATTTTTATTTTTGAGACGGCGATCTCGGCTCACGTTGTGC
93	1	AGTAGCTGGGACTACAGGCACGAGGCACCATGCCTGGCTAA
94	1	TGTCATCACTCAGGGGGTGTCGGGCAAACTCTGGGGGCTGT
95	1	CACAGAGGCGGGTGAGCAGGCGTTCACTGTCACAAACCCAT
96	1	CTCTTTCTCCCTCTCTCTCTCGGATGATTTACGTTTCCATC
97	1	TATCCAAATGCCTGTAGGCACGCAAAAAGATTCTCACTATC
98	1	AGGTGGAGCTTGCAGTGAGCCGAGATTGCACCACTGCACCC
99	1	TTTCCATCTGTTACCCAAAACGCTTGCTCTGCTTGTGAATT
100	1	ATAAATTGTTTGAACACTTGCGTATCACATAATACAAGTTT
101	1	CCCGCTCCGGGTAGAGGGGGCGGAGGAGGTATGCCCACTCC
102	1	GACAACCTGGTGCCCTGCTACGTGGGGTGGAGGCTTTGCTG
103	1	TCTCCTTTTGTCACACAGGGCGTGGTGCCAGACAAGGGGAT
104	1	TCCTTCCCTGTGGTCCCAGCCGCCCACTGGGTCTACTGTCA
105	1	TCTATGAGGAAGGCGGGCCTCGTGTGAGGACTCAGTGAGAA
106	1	CTGGGAGGATGGACTCAGCACGTGGGGACGCAGGGGCTGGC
107	1	CACACCCGCACCGGAGGCTCCGTGCACAGGCGGGACACACG
108	1	AGAGTTCCTTTACTTAGCATCGATGTTCCTTAAAGCAAGAG
109	1	CATTCGATTTGCCTAACTCCCGGTTACCAAACTGAGGTTGC
110	1	GGGTGGAGGAAGGCAGGTGGCGGGGGAGGAAGGCATGAGAT
111	1	TCCTTCCTTCCCACCGGCGGCGCCATCACGGCTCCCTGTGC
112	1	AGCCTGGACAACAGCAAGACCGTGCCTCTAAGAAAAAAAAA
113	1	AGAGGTGGCTTTTCTTCCTGCGAGCCTGCATCAGTACACGC
114	1	CCTGCAGCCCATAAGCGCTTCGGAGGGGTGCAGTTGCTATG
115	1	AAGGAGGCACCAAGAATGAGCTGAGGGCTGCCAGGGCTGCC
116	1	TAAAAAGTTATATTCATGTCCGTGGAGACCCTTAATTCAGA
117	1	TCCTTCCCGGGACAGGCACACGCACACTCACACCACCTGCT
118	1	AACAGTGGTGGAGAGGCATACGGTCTCACCGGGGTAAGGAA
119	1	CACTTGCGCAGAACTTCCTACGGTCCCCAATTTCCTTGAGT
120	1	CGTCCCAGCTGGGCCGAGCTCGTTCTCCAGCCCTGCACCGA
121	1	TTTTTTAAAAGTAAAAACAACGCATTTTGCCAAAAGTTTAA
122	1	TAGGGGTGAGAGGTGCTGCACGAGTGTTTAAAAGGTGGAGA
123	1	CCCCTGTACAGAGACGGGGGCGGGGGCGGGGTGGGGGGTGC
124	1	AACAACACTTAATAAAGTACCGAAAGAAATATTGAAGGCTC
125	1	AAACCTAGGTGGGTGCGGAGCGGAGTGACCCTGCCCTAGTT
126	1	ATTGGCACAATCATAGCTCACGAACTGTGAATTCCTGTTCT
127	1	CCCCCTTTCCTGCAGGAAGGCGGAGAATCCATCCTACAGAA
128	1	GGCCCACTCCAGGGAGGCCACGGGACCAGGGCGGCAGAGGG
129	1	CGGAGGGGAGGGGAGGAGAGCGGAGGGGAGGGGAGGAGAGG
130	1	AAGAAGAAAGAACTTCCGGCCGGGCGCTGTGGCTCACGCCT
131	1	GCTGAGGCAGGAGAATGGACCGGGAAGCGGAGCTTGCAGTG
132	1	GAAACTTTCAATCTGAAATCCGAGTGAAAAATTACACCTTC
133	1	ACAACAGAGGGGTCGAATGCCGGGATTGATTACTCTGGTGA
134	1	TTCCGCGGAACTCCGCCTGGCGGTCTGGGGAGGGGAAGGAG
135	1	TGAGCCTGATAGGCAGTACCCGTGGGGTTCAGGTGCTGCAC
136	1	CATTCAAAACTAGGAACAGACGGGGGGGAGGAGTGTGTTAT
137	1	ATTCTCCTGCCTCAGCCTCCCGAGTAGCTGGGACTATAGGC
138	1	CCCCACCTCCTTCCTCCCTGCGCTTCTGCCCCAGGTTCTCA
139	1	TGATAGTGAGTGAATTCTCACGAGATCTGATGATTTTATAA
140	1	GGCGCGCGCGCACGCGCGCGCGCGCGAGAGAGAGAGAGAGA
141	1	CTCTCCCAGAGTGAGGCGCGCGCGCACGCGCGCGCGCGCGA
142	1	GAGGTGGGGGCTGCAGTGAGCGGTGATCACACCACTCCACT
143	1	CAAACTTCTTAAAGGATCATCGTAAACAAATATATTTGGGG
144	1	TTGCAGCTGCCAAGACCAAACGGGGGTATCGGTGGGAGGTG
145	1	CCTCCAGCCTTTTTTCTCTGCCTAACTTCTATTTGTTTACA
146	1	CAACTGAAACTCATCACCAGCGGCAGAGAGGGCAGATCTTC
147	1	TTCCTCTGCTCTTCCCAGAGCGTCTGGACCAGCGTATCCTC
148	1	AGCTCCGCCTCCTGGGTTCACGCCATTCTCCTGCCTCAGCC
149	1	AGCTGCAGCTGTGGTGCTCACGGTCGCCCCTCCCCTAAGGA
150	1	AAAACTCAAAAACAAAAAAACGCAAAAAAAAAAAAAACAAA
151	1	ACAAAGAAAGGGGTGACAGACGGCACCTGGAAAATCGGGTC
152	1	GAATATTGCGCTTTTCTGACCGGCTTAAAAAACGGCGCACC
153	1	CACTTCCCAGTAGGGGCGGCCGGGCAGAGGCGCCCCTCACC
154	1	AAGTTAATTGGGATAGTTATCGCATAACCATCCCAATAATA
155	1	CTCCTTCCTTTCCTTTCCTGCGCCAGCACAGACTGCCCTTG
156	1	TGTATACATACGTATATATACGTGTATACGTGCATGTATAC
157	1	CTCCGGTCTACAGCTCCCAGCGTGAGCGACGCAGAAGACGG
158	1	AGCCTATGTGTGTCTCTGCACGTGAGATGGGTGTCCTGAAT
159	1	CCTTTCCCTGGGAGGAAGAGCGGGCCTGGAGGATTTTCTCC
160	1	TAGGAACAATAAATTCCATACGTGTAATTTTACCATTTCTA
161	1	GACTGTTGTGGGGTGAGGGGCGGGGAGAGGGATAGCCTTAG
162	1	TTTAATATGTTTTAAAGGAACGTAATATTCATACAAATAGC
163	1	GAAAGAATAATACATCATAACGAAGTGGAATTTTTTTTTAG
164	1	GAGGAGGGATTCTAGAGAGGCGGTCTGGCTGCAGCGGCCTT
165	1	AATCACACTCTTGTTCTTCACGTAGTATACTTGAAATACCA
166	1	GAGATTGCGCCACTGCAGTCCGCAGTCCAGCCTGGGCGACA
167	1	ACGCACGCACACACACACACCGCTTAAATAGAGAAACAGTT
168	1	TAGATTATAAGTATATGAGGCGTCAGACATTTGTGAACATC
169	1	GAAAGTCACCCTTCCACACACGGGAGCCAGCAGCACGCAGA
170	1	ATGCTTCTCAAACCCAGCTGCGTATTGGAATCATCTGAGGA
171	1	AGTGTAGAGTGGAAGTGGGGCGGGGCGGGGGGGGGGGGGTG
172	1	CCTGCCTCCAGTTGTGACAACGAAAAATGTCTCCAAACATT
173	1	GGCCTCCACGATCAGTGAGCCGGTTCCTTAAAATCAACCTC
174	1	GGAGGAGGAGGAGGAGGTGGCGATGGCAGAGGTGGAGGCAG
175	1	GGGGCTCCCCCACAGCACACCGGGGTGGCCCTCACTGCTGG
176	1	CAGCAGCAGAGGAGCCCATGCGGCAGGAACAGGAGCCCATA
177	1	GTGGTGCCACATTCAGAGGGCGGAAATACTGGCGCCCTGCA
178	1	GCCTCCCCACTCCCTGTGAACGCAGTGCCTTTGGCCTCCCA
179	1	CCTGCAGCTCGTAAACCCAGCGGCCCCGAGACAGACACCCG
180	1	TAGTGTCCCACTGCAGGCCCCGGATGGGAGAGCAGAGGACA
181	1	GTGCACCCCATTCCCAGCAGCGCAATTCACAATCAGCGGCC
182	1	AAGCCGAGCTGGAGACGCACCGGTGCTGTCTGGTAGGCGGT
183	1	GATGTGAAATTTTACACTTGCGGCATTGTGTTTTGAACTTT
184	1	GCGGGAAGATGTTACCAGAGCGAGAAACAAAGACAATTAAC
185	1	GGTCCTACCCCACGGAGTCTCGCTGATTGCTAGCACAGCAG
186	1	AGAGAAGGCATTTGGGGAAACGGGCATGGCTACAGCTGTTG
187	1	GCCCTGAGGCCCTGGGTTGTCGGGCCTCTGCCATGTCTCTA
188	1	CAGGGAGGGGAAGGGGGCTTCGGGGCTGAGCTCTCTGGGAG
189	1	TTTTATGTTTTACTGAACCACGTATGTTGTGAAAGGAGACA
190	1	AAAAAAAACACGCAGAGTTGCGGGCTAATTCAGAATTCACT
191	1	CCCCCCATCTTTCTCTCTCTCGCACACACTTTCTACTAGTA
192	1	AATATTTGCAAAGTATACGTCGGATAAGAACATTATCAGAC
193	1	GCATTCCTTCTCTCGTCAGGCGAGCCAGGCTGTGCCTGCTC
194	1	GTAAGGATGTCTAGAAGTACCGTCATTAGCTAAAGAGATTT
195	1	CATAGATGTGTATTATCTATCGATATATAATACATAGATGT
196	1	GCCTCCCTGCAATCACCTGCCGGGGCAGCCAGGACAAACCC
197	1	CCCAAAGGGTTTCTCACTGCCGTGGCCTTTTGTCAGAGAGC
198	1	TGATTACAGCAGGAGAGAGCCGAGTGCCTTCTGAGGCTGCT
199	1	AGGAAAAGGCAATGTGTCCCCGCTGGAGCCTTTGGAAATGT
200	1	GCATGGCAGGTGAAGACGGACGAGCGAGTCTTGCACACGGA
201	1	CTGTGGCCGGCAACCCTGCCCGGGTGCTCCTGGCTTCTCCC
202	1	GGAATTCAAGACCAGCAACACGGTGAAACCCCCCTCTACAA
203	1	CTTATCAGTGTAAATACCACCGATGTCTATGCTGTTCTTAA
204	1	CCCCCTTCCTCCTTCCCTGCCGGCAGGCAGCCCCGCCTTTA
205	1	TGTTCTCTGGTGGGCAGGGGCGGGGGTCACAAGGTGCTCAG
206	1	TAAGTCATGCCATTCCGAGCCGCAGACACAGTCAACACCCT
207	1	CGACTTCCCATTGCCTGCGCCGTCCAATCCTGATTCTTCTC
208	1	ATACCTTTTCTTCTTTCCCACGAATCCCCTAAACCAGCCCC
209	1	CACATACACATCCATATGGCCGGTTCCTGCCTTAACTGATG
210	1	ATGTATGTAAATCTTTGGAACGGCTAAATAGCCTCTGATCA
211	1	TGGGGCAGCCAGGCCTGCGCCGAGGGAAACACTTGGGCTGC
212	1	CCAAGGGAAGCCATGAGGGACGGTGCTATCTGACCCACATA
213	1	AGAACCAAAGGAAAAAAACACGTATTTGTCTCAATAGATAA
214	1	TCAGCTCACCTGCACCCAGTCGAAATAAACAGCCTTGTTCA
215	1	ACTTCTAGTCCTTTAAATCTCGCCAAAGGAAAAACTCAAAA
216	1	TTCCTTTCATGACATTTTTGCAATACCAAAAACGTCTTAAA
217	1	TCTTCTTTCTCCCCTTCAAGCGCAGGAAGGGGTATTCTCTG
218	1	TATATATACATATAGGTGTACGCACCTATATGTACATATAT
219	1	CTGTCCTGACTAGGATTCAGCGTAAGCTTGACTAAGCTCAA
220	1	AAAGCGAATAGGAGAAATAGCGCTCAGTTCTTTTTCTCAGC
221	1	TTCCCAAGCCTGGAAGCAGACGAGCTCTGGTCTGTTGAGGG
222	1	GAGCCTTGGTAGCTGGGCTGCGGTCTGCCCTTGAGGTCCCT
223	1	CTGGGACAAGTTTTGATTGTCGGCAAAGGCCTTTGGTGCCT
224	1	CATCAGTTTCCTCACTGTTGCGTGATGAAGTGAGACTGGGT
225	1	AAGTAAAAAAATTAGCTGGGCGTGGTGGCATGTGGCTGTAG
226	1	AGCGCCCCTACACCAGGTGTCGATATTGATTATGCAATAGA
227	1	GGAGGGGTGCCTGCCATTGCCGAGGCTTGAGTAGGTAAACA
228	1	ATAAGGAGCTAATCTGGAGACGGTGCTGGGTCTGTGGCCTG
229	1	TTCAAATAAAAATCTAAATGCGAAATATATTTAAATCTCCA
230	1	ATGCCGTAAATCCCTGCTTCCGTCACTGCCAGGCACTCACC
231	1	GGCAGCGGAAGGAACAACAACGTATAGGGTTGTGCATGCAC
232	1	GGGTCAGGGAGTTCCCTTTCCGAGTCAAAGAAAGGGGTGAC
233	1	AAAAAAAAATGTCAAAAGTACGATACATTTTCTCATTAACA
234	1	AAAAAAAAAAAAAGACAAAACGGAAACATTGAAGAATTAGG
235	1	GAGACGGAGTCTTGCTCTGTCGCCTAGGCTGGAGTGCAGCG
236	1	CCAGCAGAGGGGGTGCAGGGCGGAGGAGCTGCAGGGAGGAG
237	1	TGTGCTCCTGCTGGATGTCTCGCTTTTCCTGAGCACGATTT
238	1	AGGGCCCTGGCAGCCTCCAGCGTGCGGGGAGAGGCTCCAGG
239	1	CCCCGCCCACCCAAGGCCCCCGACAGCAGCTTCAGTAGCTG
240	1	CCTCCCCGCACCGGGAGCAGCGAGGTGGGCGGGAAGCCGCG
241	1	AGGCCGCTCAGGCTGGGGGGCGAGGAGGCCTCTGGGGATGT
242	1	CTCGCTCCAGGGGTGGCAGCCGCAGCCTCTGATGTCCCAGG
243	1	CACTCTGCCGCCGGCGCCGCCGCTTGACTTCCTGCTTGCTT
244	1	CGGCTCGCGTGAAGGGAGGGCGCTTCCAGGATGTGTAGAAG
245	1	TTCCTTTTTTTTTGAGACGGCGTCTCATTCTGTCGCCAGGC
246	1	GGTGCAGGGGCAGGTTGGGGCGGTTGTGGGAGGGAACCTGC
247	1	CCTGTGGCCTGGACGGGGAGCGGAAAAGAGTCACATGACCA
248	1	TTGCTCTTCTTCAGAAAGGACGGGGTACGGAACTTCTTCTT
249	1	GAGAGGTTAAGCGCGCGGCTCGGGTCCTGGAGGCCACCACG
250	1	CTCTCTCCTTGGCTTGCAGACGGCCGCCTTCTCCCTGTGTC
251	1	CCACACCCCTGTGACAGATGCGGAAACTCAGAGAAGCCACC
252	1	AAGACCCAACCTAAGCCAGACGTGCTCAGCAAGATGCTCCC
253	1	AGGGGACCTAGTTCCGGCCTCGAACCTCCCTGGTAGGTAAC
254	1	GGGAACTCCCTGACCCCTTGCGCTTCCCAGGTGAGGCAATG
255	1	CAGGTTGGAGTGCAGTGGCACGATCTCTGCTCACTGCAAGC
256	1	GGGGCCCTGGTAGGCACGGACGGGATTAAAGTTTCTTTAAG
257	1	ATCAACAGGGTTTAGAATGGCGATTCTCAGCCCCAGCTGTC
258	1	GCCAGTAATATAACAAATAGCGAAAGCTATTTGTAAAAAGA
259	1	ATCCCATATATATATGTACGCGTACATATATACGTATATAT
260	1	ATATGCTGATTGCATCTCACCGAAGAGTTTACTAAAAGCAA
261	1	TTCTGGTTAACAGGGTAAGGCGTTTTCATCTCTGCCTCTAC
262	1	CTCCAGCCTGGGCAACACAGCGAGACTCAGCCTGAGGGGGG
263	1	GGGGATGGGGGGTGGGGAGGCGGGCAGGAAGGAGAGAGAAA
264	1	CACACGCGCGCGCGCGCGCGCGCCTAACAAATAAAAAAGCT
265	1	CAAGTTCCTCTTTTGCAAAACGAGATAATACCTTGCAGTGT
266	1	CAAGCAATACAAAAATAAATCGCAAAGGAGATTGATTTAAC
267	1	AGCACTTTGGGAGGCCCAGGCGGGTATATCACCTGAGGTCA
268	1	GCTTAGGTAAACAAAGCAGCCGGGAAGCTCGAACTGAGTGG
269	1	GTGGGTGGGGGTGGCGCCTCCGGCATGTTTGTATATTCCTC
270	1	AATGCCCTTTCTTCATGTGGCGGCAAGACGATGGCCAAACT
271	1	CTTTTATAAGAGCAAAGCAACAATATGATCTTTCAGTTCTT
272	1	TGCAAGGGATCTTGGTTGCACGCTACCTATAAGAATCTAAT
273	1	TTTGTCAGATGAGTAGGTTGCGAAAATTTTCTCCCATGTTG
274	1	GCAGTTTCCTTCATGCACAACGATTTCAGGCTTGCTATCCT
275	1	TGGTATGCAGCCACTGACTTCGCAGATGCCTTTTTCTCCAT
276	1	TTCTTGGATCTGAGGGCTTACAGTTTTAATAAAAATTGGAA
277	1	AAATTAGCCGGGCGTGGTGGCGGGCGCCTGTAATCCCAGCT
278	1	ATTTTAATAACGTTTCATAACGTTTCTGTACAGGCTTTATT
279	1	ATGTAGTGCCTGTAGCTACTCGGGAACAGGATTGGTTGGGC
280	1	GAGTATGATTTGAACCACTGCAATCCGTTGCCAAATCTTCT
281	1	AAAAGGGTGAATTTAATAAACGAAGTTGATTAAATCACCTT
282	1	ATTGCTTTACCAATATTGGACGTGTATATATTTAGAATAGT
283	1	GAAAATAATAATAAAAAAGACGTAATAAGAAAACCAGAGAA
284	1	GAGGACACCAACCCATCAGGCGTGCTCTCATTTAGTTTTCT
285	1	AGCAGGCACTTCTGAGCCTGCGGGGCACTTCCTGGGTCCCT
286	1	GTGAGGACCTGCACCGGCGCCGGTCTCCGAGTTCCCTCAGT
287	1	TCACAGATATTATACTTGCTCGGTAATTTATTATTGTCACT
288	1	ATTTTAGCAAAATTATTTTACACTTTTTAAAACTTTAAAAT
289	1	ATCCATTGTGTCTTTGTTAACGTGCTTCTTTTTAGTATTCA
290	1	GAGCACCGCCCCCTGCTCCACGGCGCCCAGTCCCATCGACC
291	1	CTTTGGGAGGCTGAGGCGGGCGGATCACCTGAGGTCGGGAG
292	1	TGCCTTAAGAATAAGTGGTACGCCATATATTTGTGTGTGCA
293	1	AGGCGGAGAGCGCAGGGCGCCGCGGGGCGGAAGAGGCCGCC
294	1	ACTCTCCCTTCTTATAGGGCCGGGAGGAAAGCATCCTTGCC
295	1	GTGAAATTTTACACGAAATTCGAATACCTTAAAATAGATAA
296	1	GTTCAATAAATTATGGCGAACAAATGACTTTATCAGATGGC
297	1	TCCTGGCCAGGTGGTGGCCACGATTGCGGGTATAGATAACC
298	1	AGACATTCCATTCCCAGGGACGAGCAGGAGACAGAAGCCTT
299	1	CCCTCCCCCAGCCTCGCTGCCGCCTTGCAGTTAGATCTCAG
300	1	TTCCAATTAAGTCCATTTTCCGTGGACTTTTTTTTGACTTG
301	1	AGCCTATGTGCCAATGTATTCGGTTGTATGCTGATGAGGAT
302	1	AATACAAAAAATTAGCTGGGCGAGGTGGTGGGCGCCTGTAG
303	1	GCCACCACCAGGGAGGGGGGCGGGGGAAGAGGGTGGTGGCC
304	1	ACGACCAGCGCCTGCAAGCACGGAAGAGCCAGCATTTACCC
305	1	GCAGGCTGCGGGCCCACGTGCGGCCGTGGCCACCATTCACA
306	1	CATCAGCTGTGGTGGTGTGGCGAGGAACCGGCGGTGGGCGG
307	1	ACAAGCTCAGGCTCGTCTGACGGCAATGTGAAACACATGGC
308	1	TTCCAGCCTGGCAAGCATGGCGTGTTGTAGGGGAAGGACAT
309	1	CTTCCCCTCCTGCAGACCTGCGAGCTGCTCCCTGCTCCTAA
310	1	ACTCTCAAGGCCTGGCTCAACGAGCACCGCAAGAACCCCTA
311	1	GACAGACAAAGCCTCACATACGCATATTAACCTCCCTCCTC
312	1	TTTTGAGGCAGTCTCTCTGTCGCCCAGGCTGGAATGCAGTG
313	1	CCCAGAGTAAATAACTGGCACGGGCTCCTCAAGGATGCGCT
314	1	AAATAAGAGTCTGTGAAATACACTTTCATATGGAGTCATTT
315	1	CCTCATCACTTCCTCCTCACCGCAGCCAGAGGGTCTTACAA
316	1	TCCCGCCACTGCACTCCAGCCGGGGAGACAGAGCGAGACTC
317	1	GCAAATGCAGAGCAGGTGAGCGATATCTTCTGTTGCCCTGA
318	1	TGAGGTGAAAGAGTGACAAGCGATAAAGGAGAAGGGATATG
319	1	AGAGTGGCCTGTGCACTCATCGAAAGCTGCTGTCTTTCTCA
320	1	CTTTTACAAGAAGTTAATAACGTAATACTTGACACATATTA
321	1	TCAGGAGTATGTCCATTCTCCGGGTCTATGTCATAATTTAA
322	1	GCTGCAGTTAGTTATAATTGCGCCACTGCACTCTAGCCTGG
323	1	TTGAATATTTAATTTATAATCGTTAATTAAATCATATTTAA
324	1	CGGCGGCTCTCATTGGGCAACGGAAGAGGGGTCCTTCCTCC
325	1	ATCGCTTGAGCCCAGGAGTTCGAGGATGCGGTGAGCTATGA
326	1	GCTCCTTTGTACTTTTTGTACGCCATTAACACATTGAGTCC
327	1	TGCCTCACCCTGCTTCGGCTCGCGCACGGTGCGCGCACCAA
328	1	AAAGAAATCTTACAGTTTTACAGAAAAATCAAGCTAAATTT
329	1	ATGACATGCCAAGCCAGCCACGCTTCCTTCCTCCCCAACTG
330	1	AGTTCGCCTCAGCACTTGTTCGAAATGTCATTAGAAAACCA
331	1	AGTGGGTGGGAGTTGGGGGGCGGGGGCGATGAGTCTCTGAA
332	1	GGATTACAGGCATAAGTCATCGTGCCCAGCTAAGATTACTA
333	1	CTCATCTGAGAAAAAGAGAACGAAGTATTGTTCCTGTTCTC
334	1	CTGCTGGGACCGAGCCTCCTCGGTGCCCACACGCAAAAATA
335	1	GGTCCTCAATAATTTTTAAGCGTAATTATCCCCAATCATAA
336	1	ACACTCTAAGATGCAAACTACGATAGTAGTTGAACGGTTTT
337	1	TTTCTTGTTTCTCTTTTCTGCGTTTCAATCGAATGCACCAC
338	1	ACCAGGGCCAGCGCGAGTTCCGGGTGGGCGTGGGCTCAGTG
339	1	GACTTTAATTATTTTTTAGACGTGATGTCATTTTAATTCTA
340	1	ATATAGATTAATGTAACCAACGCAACAAAGATTTTTAAAAA
341	1	GTCAGGAGGGAAGGACATGACGTTGAATTATTTGATTTTTT
342	1	AGCTCACTGTGGTTTTCTAACGGCCGCAAGAGAAAGGGGGA
343	1	TCCCTTCCTTCCCTTTCTTTCGACAGTCTTGCTTTGTTGCC
344	1	TCCGCCTCCCCTCCTTGCAGCGACCGCAGGTGCACACAGAT
345	1	CAGCCCCCTTATTCAGAGAACGATAGCTTTCCTACCATCCC
346	1	CCCTCATAGGATTGCTGCAACGAGAACAAGGGCAGAGGGTG
347	1	CAGGCTTGAACCACTGTGCTCGGCCTATTTTGGGTTTTTAT
348	1	CAGTTCAAATAAATGACGGGCGAGGGATTTAGGCTGCACAC
349	1	AAGAATACAAAACCAACACACGAAAGTGAGTTGCATATCTA
350	1	ATGTTTTCACCCCTGCACGTCGTCCAAACTTCCTCCTGCGT
351	1	TAAGCAAGCCTGGGCAATGGCGGGGGCCCCTCCCCCAGCCT
352	1	ATTACAGGCGTGAGCCACGACGCCCAGCCTAGGAATTTAGG
353	1	CCCCACCCCACAACAGGCCCCGGTGTGTGATGTTCCCCTTC
354	1	CCTGGTGTCCATCCGCAGCTCGGGAGCCCTTGGCAGCCAGG
355	1	TCTGGGGACTGTGGTGGGGTCGGGGGAGGGGGGGAGGGATA
356	1	TCCTACGTGTTTATTTTCATCGCTTTAGAGAACTATAGAAA
357	1	TAAAAGCTGTTTGAGTAAAGCGTTAGCTTTTAAGCATTTAC
358	1	AAGGAGAAATTTACCTTTAGCGTATTATGTCAAAATATAAT
359	1	ATCAGCAGGAATAAGAATAACGAGGCAAAATAAAAATTTTA
360	1	CCACCCCCATACAGAGGGGCCGGGGGCTTCCTAGAGAGGAC
361	1	TGCTTCCCATGAGCTCCTGGCGCTACTACCAGGAACTCCCT
362	1	TTCCTGTATTTTGGGCAAGCCGAGCTGGAGGCCCCTGAAGC
363	1	TGTGGGGCATGAATCAGACACGGGCCCTCTGGGAATAATTA
364	1	GCGGCCACTCCTCTGCTTCCCGTCTCTGTGGCTTTGCCTAT
365	1	TTGGATGGGGGGCGGGGGGGCGGGGGCAGGGGTGTGAAGGA
366	1	TCCTCAGCACAGACCCTTTACGGGTGTCGGGCTGGGGGACG
367	1	GACAGAGGCTTTGTTAGAGCCGGCAGCTGAGGGCCGAGGCC
368	1	ACCTGCAGTATTCTGAGAAACGCTGATTCACGTGTCAATGG
369	1	TGAATTCCGGCTCCAGACCACGGTCATCCTAGCTCTATGAC
370	1	CTGGGAGATGGTGAGGCCAGCGAGTAAGAGGAAGCTCCCTG
371	1	AACCTGCTTGAGTAGTATTACGTGCTGTGGAAGTTTTGTTC
372	1	TCTTTCCCTGTTTGGGTGAACGGCTGCTGGCAGGGCCACGG
373	1	CCGTGCTCTTCCCGGTGCACCGGCGAGGCCGTTTCCGCCGT
374	1	CAATGGCTTCCTTAAGCCAACGCCTAAACAGTCCAGAAGCT
375	1	CAATTCTCCTTCTCCCTCTGCGGGTTTGGTGATTGCTCTTT
376	1	GAGGGAGGAAGGGAGGGGGGCGGGCAGGTGGGCAGGCAAGA
377	1	TTTCTTGTAAAATTAAGTGCCGCCTTGAATCTGAATAAAAA
378	1	ACGTGGAATTCGCGCTGGCCCGCAAGTGCCACGCGCAGCCC
379	1	CAGTGAAATTTTCTTGGATTCGAAGATTCCTGATTTTTTTT
380	1	CGCTCTGCTTGGGAGAAACCCGAGAGGCCGATGACTGAGAT
381	1	GCTGTGCTCGGGATGCCTTCCGAGTTTTCTGCAACTTCACA
382	1	AGGGGTGGGGGCGGTGGGAGCGGAGCAAAGCTGTCCAGTCC
383	1	GGGAAGCATGAGAGGAGAGCCGAGGGTGGGGAGACAGTCAG
384	1	CCCCAATACAGGTTTCCCAGCGGCCAAGCACCATCTGTACA
385	1	TAAGAGAAGACGGGATCGATCGGGTGGCTGGAGTCGGTGCC
386	1	TTACTTTAAGATGTTATAGTCAGGGCAGGGACTTATTTATT
387	1	CTCTCCACATTCTGTATAAGCGAATAGATGAAAACATCACA
388	1	AATAAAATCTTATAGACAAACGTATTTAATCTCAATCAGTT
389	1	TTAATTTCCTTGTGGAAATGCGGTCCTTTTAACAAAGGTTA
390	1	AGTCAATTAAATCTCTTTTCCGGCTAGGCGTAGTGGCTCAC
391	1	AAAATTTGTCCCATCCAAAGCGTAAGTGTACATGTTTCTTC
392	1	GCTACTATTCTAAATGGCTACGTTAGCTATTTGCTTCCTAA
393	1	ATTATGCCCATTGCCACTCACGAAAAGGCCTTGAATAAATA
394	1	GGCATCCTGTCCTTATTTAGCGATTCCCCAGCCCTGAGGTG
395	1	GAACCAGGCTTCTATGAGAACGGTAAATGGAACACAGCAGG
396	1	TTGCTGAGTTTTCTCTATGACGTTTCCTGTTCGAGTGTCCA
397	1	CCAGCCCGAGGCCCGGGGGGCGCGCACCTCTGTTCCGGCGC
398	1	GCACGAGAATCGCTTGAGCCCGAGAGGCGGAGGTTGCAGTA
399	1	GAAATAGTTATACAAATACACAGACTTACCACTGCTCATGA
400	1	ACAACCACTGTAATTAACAACGTGATGCCTATAACCCTTGT
401	1	TATAGATGAATAAACCTATGCGTGAGAAGTTATTTGCTCAA
402	1	TTGTCATATTTTACCATATGCGGTTGTGTTTATTACAACCA
403	1	TTGTGATAGTTCTCCTTTAACGTTATTTTAAAATATCACTT
404	1	CTCTGCTGTTGGAGTGCCTACGACTCTGACACCCACCCCCC
405	1	GGTATTAAAAATTTTTTTTACAAACATTAAAATTTAGAAGA
406	1	CATTCCCTGACAGCCAGGGCCGCAGCTCAGCCTGGAAGAAG
407	1	ATTAGACTCTGTAAAGCATACGGGGCAAGAATCAAATGAAT
408	1	TGTAAAAGATTGGCTGGGCACGGTGGCTCATGCCCATAATC
409	1	GATGCAGTGAACTATGTTCACGTCACTACACTCTAGCTTGA
410	1	TTTTTTTTCTTTCGTGAGGTCGTTAAACTCAAATATGGATC
411	1	ACACACATATCCTCTTAACACGATCTTTGTTTACAGCAGTA
412	1	ACTGTGACTTACCAACAGGCCGGATGTATAGAGAACCATCT
413	1	TTATTTTTAAGAGCTTGTTACGAGGATCTTTTTATAAACTT
414	1	GGGCATGGATCTGGGGGAGACGTAGCCGGAGGAAAGTGGGT
415	1	CCTGTGTCTTTTCCATAAGCCGGGCAGAGCCCTTGCTCCTC
416	1	CCCCCGCCACCTTGGTGGGGCGCAGGGCGCCTGATTCTGAC
417	1	GCAAACCACAGCCGCGCTCACGCCTCCCCTTCTCTCTGGGG
418	1	GATTCTAAGTCTGCAGCTTCCGATCCAGTGCAGGCCCGCGG
419	1	TTCCAGGGATTTCTCTTTTGCACTGTTTCCATTCAATGATG
420	1	GGAGAGTGTGGGGGATAGCGCGGCTGCATGGGGATAGAGAG
421	1	TTGGTTTCCTTGGCGTTTTGCGGGAGGCAGCAGTGAGGGAG
422	1	CCTGAGTCCGTCCAAAGACACGACGCCAGGTCCAGCCCAGG
423	1	GTCGTGACCAACGTTCCCAGCGTGCTCCATCTGCAGGGCAG
424	1	CTCAGGCCTCCAGCACAGCCCGGAGCTGACCACCTCCCTGC
425	1	ACCAGGGCCTCTCAGGGGGACGGGGGGTAGGAGACCATCAG
426	1	GCGGGGGATGAGGGAGGGCTCGGGGACTGCTGGGCAGGCAG
427	1	GAGGAGGAAGGAGCCCTCACCGCACGGCAGCCCTAGGAGAG
428	1	AGGGGTTGTGGCAGTGGGGACGGGATGAGGGGACGTGGCAG
429	1	TCCTCACTTCCCAGACGGGGCGGCCGGGTGGATGGGCAGGG
430	1	GGCTCAGAATGTCAGCCAGGCGGGGCCTGAAGCAGAGGCCC
431	1	GGGGGGGAGGCCGCCTGAAGCGGATATGCCTGTGACTGGCG
432	1	AAAAAAAAAAAAAAAAAGGACGGGGCTCTCCCTGAAGTTAA
433	1	TAATGAACATACTTTCAAAGCGATTATCCAGTAATTTCATT
434	1	TAAAAACACAAAAAATTAGCCGGGTGTTGTGGCGGGCGCCT
435	1	ACAAATGTGTTTCCAGACTGCGGAATGCTGACTTGCCCTTT
436	1	CCTTGACCACCACCTTAGGGCGGCCTCACGTCCCTTCCACC
437	1	CATTTCCTTGAAAATATCTACGCTGACAATTCATTAATATG
438	1	GCTGTCATGACTCAGTGGAGCGTAAAGAGGAATTGTATTTT
439	1	AAAAGAATGGGATACTGTAACGCCTAAGGTTCTTTACTAGC
440	1	TTACTCGGGGTTGAGGGGGGCGGGGGCGGGTGGGGAAAGTA
441	1	TATAAATATTTATATGCTTGCGATGGCTAATTTTATGTGTC
442	1	ACCAGGCCCTTCCTCCAACACGTGGGGATTACAATTTGAAA
443	1	TGTTGTCGCAGCCTTGGGGACGATTCTGCTGCCCACTGCAG
444	1	GGATTACAGACATGAGCCACCGCACCAGGCCAATTTTTTTT
445	1	CGCGGGCTTCTGCTGGGTCCCGCCTGAGGTGATATCGTCAC
446	1	CCCGTCCCTCTTCCTCGGGACGGCACAGCATCTGTTCTCTG
447	1	TTTTGTGTTTTTAGTAGAGACGGGGTTTCTCCATGTTGGTC
448	1	CTTTGGGGGGCCGAGGCAGGCGGATCATTTGAGGTCAGGAG
449	1	AAAATATCTGGGGCAGGGGGCGGGGCTGGAGGGGTACAGGT
450	1	AGAACATGCCTTATTATTGTCGATATTCTCAACTACTTGGG
451	1	GCGAGGCACCAACCCAAAAACGAGGAGGTACAGGGAGATTT
452	1	TTGTATTTTTTTCCTGACTACGTAAGTAGTGGATGCTAGTA
453	1	GGGAAGAAGAAGGAACTGAACGAATCATTCGTTTCCTTAGG
454	1	AGCATGAGTGATGCAGAAGACGGGTGATTTCTGCATTTCCA
455	1	TGAACTGCAGGCGGATGGAGCGGTGGGCTGGTAGCAAGCGG
456	1	GCAGGGAGGGGGACAGAGCCCGGCGGGCTGGACCTGGGGCA
457	1	GCCTCAGCTGCTGGTGCCCCCGTGAAGCCACAGCATCCGTC
458	1	CGCACTCCTCGGCCCTTGGGCGGTCGATGGGACCGGGCGCC
459	1	TAGCGATGGCCCTGCCTTCCCGTTTCACTGATTGATCAGCA
460	1	GCCACTCCCTTCCCGCGCCCCGCAAATGCTGTGCTCACCCC
461	1	GGAAGAGGGGTTGGTGGTGGCGGTGGCCACTGCTGGTCACA
462	1	GGGGACAGGATCTGGTGGCACGATGGAGGCCAGCATTCCTG
463	1	CTCTCCCTGTTTTTGTTATACGATGAACCATTCTACTTGCA
464	1	CTTTAATGCTTGTGGGCATACGTTAGTATGCTAAATATAAA
465	1	GAGGAGTGCGGGAGCGCGCGCGCGCGCGCGTGGGACTGGCG
466	1	GAGGTGTGGAGGGAGAGGCACGGGCGGGAGCTGGGGCTGCG
467	1	TTATAGAAAATATATTCAGGCGTATGTTTTATGTAAACTAT
468	1	TAAAAAAATTTTAAGAGTTCCGAAGAACTCTCAAAATTTAT
469	1	CAGGTCAGGACAGCCCTTCCCGGCCTGAGCCTCTCCAGCTC
470	1	ACCTGACCCTCTCCCTCCTGCGAGGCCCCACTCAGATGCCA
471	1	ACAGCTGAGGCCTCGGGCGCCGGGGATCCTGCAGACTGTCT
472	1	AATTTAAATTTAGAATTTTACAAAATTGTGACTTCAAGCTC
473	1	GAGGGAAGGAGACAGAAGAGCGTGGGGTGGGGGTAGCCCAG
474	1	CACCCTGGGGCCTGTGCCCACGGAACTAAGTGCAGACAGGC
475	1	GTGCATGGAACAATTCAGAGCGATTAGGGAGGCATGTCTCC
476	1	TGAAACCTGAGTGTCTTTACCGGATGATCCAGCGGTGGGCG
477	1	GAGCCAGCATCGGGGACACACGCGCCTTCCCTGGGTGCTGA
478	1	CTGTGGTCCCGTGGAGGAACCGGGTGTTCCCGCTGAGCTTC
479	1	GAGGCGCCCTCCCTAGACTCCGGGGAAAAGAGCGCTCTTAC
480	1	TCTCTGCCCCCTTCTCCCATCGGGCCCTGTCGCTTTGAAAG
481	1	TGGTGGCTGGCTCCAGACTCCGTGGCTCTCCTGCTCTCTCC
482	1	CATCCTCACTTTGTCCAGTGCGCGCAAACTGGAATTGAGCC
483	1	CCTCCTCCCAGCACAGGGGACGGACAGGTGTCCCCGCAGGA
484	1	CCCTTCTCTTCCCCTAACTCCGAAGTCATTGTGAGGCGTGG
485	1	CAAACGCCGAGCGCAGGAGGCGTCTGGGTGGACGGGGAGAC
486	1	ATAAGCCAGGCAGGCTATGACGCTTCCTTATAGCAGCCGGC
487	1	TGCAAATGCTTCGGAGGACTCGCCCACTTTTCCCGTCCCCT
488	1	AGTCACCCCGAGGCATCACCCGGCCGGGCTCCCTGGGGCAA
489	1	TTCCCCATAAGGTCAGATGGCGAGGAGGAAGCAGCACTTAC
490	1	TGTTACCAAAGGGAGGGGGGCGGCTTTTGTGAATGTATGAG
491	1	CTTTTCTTCTCTCTTTTTCGCGAGAGAAATACCCAGAGAAA
492	1	TTCCCATGTAGGTGAACCTGCGGGGCTCTTGTTCTCTTGGT
493	1	AGAAAGGTCATTTCCAGGAGCGAGAGCAATGCAGATTGCAA
494	1	TGCCAGCCCAGGCCTCTAGCCGCAGCCTCCCAGGGAGCACC
495	1	AAAATGAGAAAATTAGAAAACGTTCCAATTTTTCATTCCCT
496	1	GGATTAGAGGCGTGAGCCACCGTGCCCAGCCTGTCATTTTT
497	1	TTTCCTCTCAAATGCAAACACGATTCTACATTCCTGCTTGC
498	1	ACTGGGGAGGGGGGGGGGCGCGGTGGGGAGGGACAGCCCCT
499	1	GCTAGGCAGAGCCTAGTTGCCGCTAATCTTGTAGCAGGGCT
500	1	CACTTGGTCTTTCCTGATGACGCTTTTAAGAGAAAGGCAGA
501	1	CTGAGGCAGTCTGGTGCCTACGGGCGGGCAGGAAATGAGGC
502	1	GTCGTTGAGTGGGGGGAGGGCGGAGGGATAGCATTAGGAGA
503	1	AGCTCTAACCAACCATTTGGCGGCTGCCTTATCGGTAGTGC
504	1	GGCTCCTGCCACTGCTTCTCCGCTACAGCCTTCCCTTAACC
505	1	ACATCAGTAGTTGATTTTGTCGCTGTGAATTATGGAAATAT
506	1	CCCAGCCTGGAGAACAGTGGCGCCATCTCCGCTCACTGCAA
507	1	TATATATATATGTATGTATACGCACACACACAATATATATA
508	1	TAGCAAAACCTGCTTTGTAACGTTTCAGAACCCTGAGCCTA
509	1	GTTTTCGCCCCTTTTCTCGGCGGTAGCAAAACCTGCTTTGT
510	1	AAACTTTGAGACATATCTTACACCGCTTTAAAAATTAACTG
511	1	AAATCCTACTATAACTCGTGCGTTTAGCACTAGTTTATGAC
512	1	CAAAGAAATTGAGTGTGCTGCGTGAAATTTTACACTTATAA
513	1	GTGAGCGGAGCTGCCACTGACGCTTCTCCACTCCCGCAGAA
514	1	AAACACACAGGAACCGGGGGCGGGCAGGCGGGCAGGGGGGT
515	1	ACATATGTAACAAACCTGCACGTTGTGCACGTGTACCCTAA
516	1	GGAGCACAGAGGAGGCTGATCGCAGGTGCTGCAACTGCCAT
517	1	CTTTCTTTTTTTTTCTTTGACGGAATCTCACTCTGTCGCCA
518	1	AGCATCTCCATTTCAGAGCCCGTATCATTTCCTGAGTAGTA
519	1	AGACATCAAAGCCAGCCAGCCGAGACAGGAGGAAGTGACTA
520	1	TGGATATGATAGCTTCGTACCGATACACCTTCATTTCTTTT
521	1	TGTGTGTGGGGGTTGGGGGGCGGGGGCAGAGGGACGCAGTG
522	1	TGTGTCCTCCAGAGGGGCGACGTACTGCCTCTTCGTATGGT
523	1	TTCCTCCAGTGATGTCTGGCCGACTTTCTCCCCACTGGGGA
524	1	TTTGGAAGAAACAGGTCTTGCGTGTTTCCCAGGCTCGTCTT
525	1	CCACCCCTCATTCTTCGTGCCGCATCTTTCTGAGTTAGGGA
526	1	TCCCCCTCTAGTCAGTGAGACGGTCAGGTCACGTGACAAAG
527	1	CAGGCTGGCAATGGAGCTCACGGGGCCAGCCCTCTTGCCTA
528	1	CCTCCCCAGCCACACTGTCTCGGCCCAGGCCAGAGGCCCCT
529	1	CGTGCAGCTGGATAGAGAGGCGTGAGGCCCAGAGGCTCAGT
530	1	GGTGGGTGCAAAAGTCTCAACGCTGTAGGTGCCAGGACAAG
531	1	GAGTCCGCCTTCTCCCTTCTCGGCAGTTTTCTGTTGGCAAA
532	1	GGTAAAGGATGAGGACCCGCCGTGAAGGAGGGAGGAGACCA
533	1	GCCAGTGACAGTGTGGGCCACGTGTCCATGCAGAAGGCCTG
534	1	AACCATGGGGGTCAGGGAGCCGGCCCTCTGAGCAGGGCTGT
535	1	TCCTGCCAGCCATGTGAAGACGTGCTTGCTTCTACTTCACC
536	1	TGAAGGGCTTCCTATGAGCCCATGGCTGAGCCAGAAAAGAC
537	1	TCCTTGCTGTTTCTTACTATCGATCTAGGATAAAATGTATT
538	1	TATGGTGGCTTTTCTCTCTGCGGTGTCTGAGCCCCAAATGC
539	1	CCATATGACAACTTCAGGGTCGGTCACATGCAGTCCTACTG
540	1	CAAAACCACTATGAGATATCCTCTCACACCAGTTAGAATGG
541	1	TTCTGCTGCTGTGGAAGCCCCGACTGGAAATGCAGCTCTGG
542	1	GGAGGTGAGCAGCGGGCTAGCGAGCATTAACGCCTGAGCTC
543	1	TTTTTGTTTATGCAACTTTTCGTTTATTATATTTGCTTTCT
544	1	CTCTGGAGGGGAGATGTAAGCGAGTGTTAACGAGGGATCCC
545	1	ATGGAACCCTACAGGGATCCCGGTGGAGGCCAAAGTCCTTG
546	1	AGCGGCACCAGGGAGGACACCGGGGGCGAGGGGAGGGTCTT
547	1	GTGCGCACACTTCACACATCCGCAAGCCTCCTGAAACGCCT
548	1	GGTCCTCTGAGTACAGCTGCCGGTGCCCACCTCTGAGGCAG
549	1	GCGCATGCGCGAAGTACAAGCGGTTTCTCCCGTCACAGTGG
550	1	TCATTTAAAATTTTCTGCATCGCAGAAAACTAAATACACAT
551	1	CTCACGGACTCAGGCCTGCACGATTAAAGAACAGACCTTTA
552	1	TAAAATATATAAAAGGTTTACGTACATTGAAGCAAAAATTC
553	1	CTGCTGGGCTAATAGCTACACGATATTTCCCAGCTTCCCTT
554	1	TTTAATAATAATTTCTAGTACGTGTTTCACAATGACTCTAG
555	1	GGGGCAGTGGCTTGCCCAGGCGGCGGTACAGAGCTTCGATC
556	1	TGCAACCGACAGGCTGTGGCCGGACAGCTGCTGCCCAGCAC
557	1	AGAGCACAGCAGGCAGCAGCCGCGGCAGAGACACATCACGA
558	1	GCTCTTGAGGCCTCTCTCCACGGCTTATAGATGGCCGTCCT
559	1	GCGATTCTCCAGGCCCCTGCCGGAACTCCTCACTGGCGTCC
560	1	TTTCTCTCTTGTAGTTGTTGCGATTCTCCAGGCCCCTGCCG
561	1	TTCCCCCTTTCCTTCAGTGCCGCCCATTCCCCGCTCAAAAA
562	1	GGACTGGCCTTTTCCTTCTGCGCTACAGCAGTGCTTCCTCC
563	1	CCCCCAACGTGGGCTGAGGGCGAGGGCTGAGCCTGAGGTGG
564	1	TTTTAAACAACCAGATCTCACGAGAGCTCATTATCATGAGA
565	1	TGGAAAGAAGAAATCTGTCTCGGAGCTGTGAGGTACACTAT
566	1	CCCCATCGTGGGGCTCTGTGCGAGCTCAGAGTTGTGCTTAC
567	1	GGGGGCGGTCAGAAAAGGGACGAGGACGAGGACGGGGACTT
568	1	CCCCAGGCTGCCTAGGCACACGCTGCTCTGCTCCCTCTTTT
569	1	AGTGTGTAACTCTGGGTCTCCGGTGGGTCTGAGTGGTCTGC
570	1	GGAACATCCTACTCTGTCTACGGAGTAGCTGTCTTTTTACC
571	1	CCTTCTGAGGGAGGCCCTTACGGCGCTTGCAGTCCCGGGAA
572	1	GCGGGCGTGAGAGTGACAGACGCCCGGGCCCTGGGGGATCC
573	1	TGAGGCTCAGCTGTGGCCGCCGGAGTGGGACATTGGTCTCC
574	1	GGCAGCGAGAAACACAGGCCCGGAAGAATCCCAGGGGCACA
575	1	TGCCGCCCGACAGGCCAGTCCGCAGCCTGTCACCGGCTCAG
576	1	GGCATAGTGAGCCGGCCCCACGCTCCCGCCCAACAGTGACC
577	1	CCAGGGACCGCCACTGCCCACGGCCTACAGCCCAGGAGCAA
578	1	AACCATCCCATGCGCTCCCACGGCCTCTCAGAAGAGCTCAG
579	1	CGGTCAGAGCTGTCCCAGGCCGTGTTGGCAGAGTGGCCCAG
580	1	CTGTCTCCCAGGCTGGAGCGCGGTGGTGCGATCTTGGCTCA
581	1	AGACGGAGGTTGCAGAGAGCCGAGATCGCGCCATTTTACTC
582	1	GGAAAACATTGCTGGTCCTGCGGCCTGCGCTATTCTTCCAC
583	1	AAAAATAAAAACTTTTGCTCCGCAAAAGGCTATGTTAAGAA
584	1	TGAAATTAAGTGCGCTTAAGCGCTTTGTTTTGCAATTTTCA
585	1	TCCCTCCCACAACATTCCCCCGGCTCCAAGTGCTGACACCA
586	1	GGAGAGAGAGAGAGAGAAAGCGGGGAGGCCGTGTAGGGAGT
587	1	TTTAACCTCTTTGTGATTCACGTTCTACGTTGGTAAAATTG
588	1	CTTCCTCCTCAGTCCCCCGACGTCCTGATTTTTTGTGTATT
589	1	ACTTCTACACCCCGCGGACTCGTAGCAGCAACGGCTCAGAC
590	1	CATACCTGCTTTGGACCCATCGAGGTCACTATTTCGCCACC
591	1	TAAAAAAAAGTGCACTGGGCCGGGCGCCGTGGCTCACGCCT
592	1	TCCCTCCCAGGTTGTCTTGCCGTCATTCCCTTCTTCTTGGA
593	1	TACTGAGGCTTTCTTTACTACGTAACATAATGGCTCCTGAT
594	1	TTGCTAGTTACTGGATCTTGCGGAATTTTTTTTTTTTTTTT
595	1	TATTCATAGAAGAAACGGAACGTTTATTTAAGATTAGTTTT
596	1	TCTTCATTAGTAAAGGGGGGCGGCTATATTAGGTTTTTATG
597	1	TTCTCTCATGTGTTTGCACACGGACACACCGGAAAATAATA
598	1	CACAGAGACAAATTCCTTGCCGCTCTCAGATGCCTTCCTCA
599	1	GGCGGATTCCCTTCTCCCTGCGATCTGATTGCTACTTGCAA
600	1	CTTTGCTTCTTCCGGTAACACGAGCCTTCTGCAGCACTTCT
601	1	ACTGACCTTCATCCCAGCCACGGCAATTCCGGGCGCCCCCT
602	1	TAGCCCGGCTTGGTGGCGAGCGGCTGTAGTCGCAGCTACTC
603	1	AGTCCAAGTATCAGGTTTCACGGCTTTAATTCCTGGGTGGA
604	1	GTGACACCAGCTTGCCTCTCCGGGATGTTTGTCTCTCTCTG
605	1	ATGAGGTCAGGAGCTCAAGACGAGCCTGGCCAAGATGGTGA
606	1	AGAGTCTTCGAGGCCTGGCACGGTGGCTCACGCCTATAATC
607	1	CCCCCTCTGTAAGTCTCTCTCGCCCAGGTGTAGGATAAGAA
608	1	CCCGTCTGGGAGGTGAGGAGCGTCTCTGCCCGGCTGCCCCG
609	1	CATTTCAAGGATGAGCCTGTCGAGGCCTGAGTGTTTCCCAT
610	1	TGTGCTCTGCTCTGTTGTTTCGTTGCCACAGCTCTGCAAGA
611	1	CCTTCTCCTCTTCCAGGTACCGCATGGCCCACAAGCCAGTG
612	1	ATTCCCGCTCACAACAGTATCGTCAGGTTACAGGTATGGGC
613	1	AAAAAAAAAAAACATACCTACGGTGCCTTGCTGCGTGGCAA
614	1	TCTGGGACCTCACCTCAGAGCGATTCTGCTCTGCTTCAAAG
615	1	AGAGGAAAGGGGAGGGGAGGCGGAGGGGGAGAGGAAGGCAA
616	1	GCAGTGAGCTGCCCGGTGACCGAGGCCTGCTCCTTCTCTGC
617	1	AGGAGAAGCCATTGAAGCTACGAAGACGCGGGCTGACCGGC
618	1	GGACATGGCCGGAAGCAAGCCGGTGAGGCAGCCTGGGAAAC
619	1	TGAGCCCAAGCTTCCCTTGCCGGAGTAGTTTCTCCCTGGCT
620	1	GGATCCAGGTCAGGACTCAGCGTTAGAGTAGCGCCACTCGA
621	1	GGCAGGAGGGAAACCAGCCACGTCACCAGGGCGGTCTGGGT
622	1	ATTCCAGAGGAAGGCCTGCGCGCTGGCCCAGCCACCCGGGA
623	1	AGGCCCGTGGTAGCAGCAGGCGGGGCTGGGGCTAAAAATAA
624	1	GGAGGCACACAGGACAGGGGCGCACCTGCGCCTACAGCGTG
625	1	GGCAGAAGGAGGATGAGCCCCGAGGCTCCTGGAGAGTCTGA
626	1	GGGTACTCAGTGGTGCCCTCCGAGGGGTGACACCAACCCAG
627	1	AGACACTGTTGCACCTAGGGCGGTCCAGGGGTGAATGTAGC
628	1	CTCCAGGCAGGAGCGGGTCACGGGAGCTGGCGCGTCCAGCC
629	1	GGGCTGGGCTGAGGGGTGGCCGGCGGTGCCAGGAGGACAGG
630	1	CCTCGGGCTCGCTGCCTGTACGTGTGCGAAACCCAAGCCTG
631	1	GAACAGCCTGTCCTGGGGGGCGGGGCGAGCCTTGCGCGCGG
632	1	CTCACGGTCTCTCTCTCTCACGATCTCTCTCTCTCATGGTC
633	1	ACTGTACTCCCAGACAGGCCCGAGACAACAAGGTGGGCCCG
634	1	TTGAATGTAAATGGCCTATACGTTCCACTTAAAAGGTACAA
635	1	TGTGTGTGTTATAAACTTGACGGAGAATCAGTTAATTTTGT
636	1	GTACCTGGGCCCCTTGGAGCCGAGGCTGGAGTGGGAGCAGC
637	1	CACAATAAAATTTATTTTTTCGAAAGAAAAAATATATTTTG
638	1	GATATAAACTCCTGATGCGCCGTTTTTTAAACCCATCTGAA
639	1	CAATAAATTAGCAATGTTAACGAATTTTTTCTTATCAATGA
640	1	TGTGGGATGGTTATAGGAAACGGCACTTATGACTTCAGTGT
641	1	GGACATGAAATTATATTCCACGTATGATCAAAACTATCTAA
642	1	ATCCCCCTCCCCTGGACATGCGACTTCAGTCACAACAATTG
643	1	GAGGCAGAGGGTGCAGTGAGCGTGAGCCAAAATTGCACCAC
644	1	CACCTCCCCCCGAACAGTGACGAGTCTGACAGAGCCTGGCT
645	1	TTAAACAGATGCTTGAAGGCCGCATGCTCGTTAAGAGTCAT
646	1	CTTAGTATTTTGATGACCGACGTATCTGTACGTCTCTCTCT
647	1	TGGGAGGCCCCGCATCCTCACGTTAAAGGAATCCACGCTCC
648	1	TCCAGCTGCTCTTCCAGCAGCGCCTTGGACGCCTCCAGCAC
649	1	CCTCCGCCTCCAGGTTCAAGCGATTCTTGTGCTTCAGTCTC
650	1	GGCCCGATGGCCCTCCACGACGGTAGAATGCCCCTGCCGCA
651	1	GGGCACCGTGCCACCATGACCGGCTAGTTTTTTTGTATTTT
652	1	GGCTGGGCTCAGCTGGGCATCGGCCAGAGCACCCACACAGG
653	1	CCTCATGCCTCACAGCACATCGGTCACAGCAATCTACAGCT
654	1	TGATGAATCAGGCACACAGGCGGATCCAAGACAATTGGCTG
655	1	GGAGGGGGCGGGGAAAGTAGCGGTGGGATAGAGAAAGAGCA
656	1	CTTATTAACTCCTGAGGAGCCGCTGGTCTAACCCCGTCTGC
657	1	GCCTCTCCTCCTCAGCTCACCGTCTACCTGGGAAAGCGGGA
658	1	CTTATTCCCTAAATATATCTCGTTGTCATTCTCCGATATTT
659	1	AACACATCGTATCATCTATGCGTTAATGATACCACCTAAGA
660	1	TGTGTTACTGAGTCCTAAATCGGGAAACAATAAACGTTTTC
661	1	GGATCACGAGGTCAGGAGATCGAGACCGTCCTGGCTAACAA
662	1	TCATCTTACTTCAACTGCAACGGCCCTTTGTTATTTCTCAA
663	1	GTGACATTTGGGACTTGCCACGCCAAAAGAATGTGGGAGAT
664	1	AGCGGCCTAGCAGAGGCCTTCGCTCTGCACCTCCTATTTTT
665	1	ACAGCATATGTCAAAATCTACGGTAAGAGCATTCATCCCAT
666	1	CTCCCCACAGGAGGATGACACGATCCTGCCTATTTTCCTGT
667	1	ACATGGGCGGCGCGCCGGGCCGGTGCCCACGGCCATCATTG
668	1	CTCCCCTCTCCCCGCTTAACCGTAGCAGGCAGCGGCTAATC
669	1	AAGACCACCAACGGGCACGGCGGGGAGGCAGCTGAGGGCAA
670	1	GTCTTTGACCAGCGTGCCCTCGGCAGTATGCAAACTGTCTT
671	1	TGACCTGCTGCTTCTGTGGCCGCTTTCTGGCCCATCTGGAT
672	1	GCAGCCTGTGGCCATTTGGCCGAGGGTACTGCAGAGCCTGC
673	1	CTCCCGCACACGCAACCTGCCGCACCTTTCCTTTCTTTAGA
674	1	CTCAACCCATTATGTAGTGACGGTAACAAATTCATTGAATG
675	1	CCAGTGAGGAGGGATGGATCCGGCTCCCACCTAAGGAAGCA
676	1	GCGGGGCATGCCGGGCGGCGCGCGGGCTGCAGGGAACGGGG
677	1	GATCAGGGAGAGTGCTCGCACGGGGACAGAAGTGGGTGGAT
678	1	GCAGCCGCCGCCGCCTCTCTCGTCTCCGTCCAGTGAGTTCT
679	1	GATTCATGAGAAAGAGCCTGCGCCTGTGTGGGTTCCCAGGG
680	1	TTCCTCCTCTCCCAGGAAGACGGCGGGAGAGATCTCAGCGC
681	1	GGGCGCAGAGGGCGATGGGGCGGGCCCTGCAGGAGACTCAA
682	1	TCTACGGCCAGGCCACCAGACGAGAGCCTCTTTCCTCCCAA
683	1	CCTGCGGTGGAGAGAGCACCCGCAGCAGCTCTGTGAGTACT
684	1	GATAAAATCTATGGAGTGGTCGGTCCTCCACACCATCCAAA
685	1	ACCCAGGGACACAAACACTGCGGAAGGCCACAGGGACCTCT
686	1	TCGGGGTCAGACCACAAGGCCGATCTCAGCGTCGCCTCCCC
687	1	TGAGTCAGCTTCCCCTCCCGCGGGCCCTCCTGCACTCACCC
688	1	CAGGCTGGCTTATTGCTCACCGGCACAGGCAGGATGAGGTC
689	1	CCGGCGGGGCTGCAGTGGCGCGATCTCGGCTCACTGCCAGC
690	1	GAGGTCACAGAGTTGAGCTCCGCAGGATTTTTGGTGCTGTC
691	1	CGTCGCTGGAGCTCGATTCACGGTAACAGGCTTCTCTGGCC
692	1	TTTTGTTGCAATGGTTTCTACGGACTGACCCCCAGCTCCAC
693	1	TAAACTTTACAGCTTGATCCCGGGCGCGGTGGATCACGCCT
694	1	TAAACTCAATCCTTTTACAACGTTCTTCCCTTTCACAAACA
695	1	CAGAGCTTGAGAAGTGTGCCCGATCAAGGTCTCAAGGCAGG
696	1	ATGGAGGGGGGTGACAGGGCCGTAGAGGAGGGAGGGGGCCA
697	1	AACTCCCTAAATATAACAACCGTGCTTACTCATCACTAAAA
698	1	TAGTTTTATTACTATATTTACAATTTCTTACCTTGTGGAAT
699	1	TTTCCCCTTTCCCTCACTCACGGTTCTCAGTCTGTTATCTC
700	1	AACAAAGCAGCTGGGAAGCTCGAACTGGGTGGAGCCCACCA
701	1	TTCAAATGTTGTACCTTTTCCGAAAGGAAAAGTCAAATAAT
702	1	GGGCACACTGACACCTCACACGGCAGGGTATTCCAACAGAC
703	1	ATCCCACAAGTCAAGTCTTGCTCCTCCTGTACTTATACAGT
704	1	AAGCTGTGGGTGAGTGGGGGCGGGGAAGGTTGGGGGGGCTT
705	1	TATGTGTATATACATGTGTACGTATGTGTATATACATGTGT
706	1	TTAAATTAAATCTATTAAATCGAATAAACCTTTAATATAAA
707	1	TGCAGACTGTAGACCCATGTCGTGGCGGTAACGGGGCCGAA
708	1	CTCTCTCCCCTCAGGCAGGGCGGCTTCCATTTACACTCCTT
709	1	CTCTTTACAGGGTGAGGAGGCGTCTTCCCAAGGATCAGCTG
710	1	ATGTAGGTAATCTCAAGGCTCGTATCCTTAAAAATAGGCCT
711	1	TGGAGTGAGTCTAGGGCATGCGGGCTCTTCCTAGGTGTCTA
712	1	CAGGAGTGCATGTGGCCATTCGCCATGGCTCTGTCTCTCTC
713	1	TGATTGCTAGCACAGCAGTCCGAGATCAAACTGCAAGGCAG
714	1	AATCCCAGCACTTTGGGAGGCGGAGGCTGGTGGATCACTTG
715	1	GGCCTCATTAGTTGAGGGCCCGGCCTCGTGGAACTTCATAT
716	1	ATAGGAAACACCACTGCCTACGGTCACTGCCTGCTCCACCC
717	1	TATCTCTTCCTCCTCCTAGACGGGAGGAGTCCTAGGCTCTT
718	1	CCGAGCCTCCCTGAGGAGCACGGCCCCCTGCTCCATGGCGC
719	1	CACGGCACTGCTTCTGCTTCCGAGCTAGGGCCGTGAGCCAG
720	1	CACTGCCCCCGAGCCACCGCCGTCTCCAGCAGCTGCAGGGC
721	1	TTTCCAGCTGCAGCTGCAGCCGGGGCCCTGAGTGCCTGCTC
722	1	GCCCCGCCCCGCGGCCACCTCGGCCTCCGCTCTGCGCCTGC
723	1	CATCCGGGATCAGAAGCTGTCGGGCCTCAGAGCGCCTCTCA
724	1	CCTGCTCCAGACACGTAGGACGTGTTTGCTTCCCCTTCCTC
725	1	CTGGCTTTAGATTTACAGAGCGTATCCATCAATGACTAAGG
726	1	GCAGGTGCTGCTGAGGCTGCCGAGCAAGCTGCGCTCACAGT
727	1	TAAGAAAATGTCAAACCCAGCGTGACAGAAGTTTAGAAGCA
728	1	TGGAGACTTCTCATGAGCACCGATGGCTGCTTCCTGCTGAG
729	1	TTTTTTTGGAGAGAGTGTAACGTTCTGTTACCCAGGCTGGA
730	1	GCTGAGGGGTCTCGTGAGGGCGCCTGCCTGCCTGCAAGTGG
731	1	ACCGTGCTATAAGAGCCCTGCGTTCCTGCCAGTCAGTCATT
732	1	GCCACATAGAGGCCACTCACCGGTTCCCTTCCTGTGGGTTT
733	1	ACGGGGGAGGGGAGGGGGCCCGGGGCCTGGGAGGCTGTAGC
734	1	TCTGGACCTGTCATCTGGCTCGATTCTTGTAATTGAGGGAT
735	1	AGGCACCGTGCTGGTGCTGACGCAGGGACAGTCAAGCCTCC
736	1	TAAAATTTATTGAGCCCTTACGCTATACTAGGGAGAAATTA
737	1	ACAACCAGTTCTTTCATGACCGCATTCTTTGTATTGCCCTT
738	1	TCTGGAGAGACTGAAAACTTCGACAATACACTAACAATTGA
739	1	GGCGGGCCGGGCCGGGGGCGCGGGGCAGGGGAATACTGTCG
740	1	TCCTGCCACCTTGAGGAGAACGTGCCTGCTTCCCCTTCTGC
741	1	TTGTGGCGTGGGCGGGGGTGCGGGGGGAATACTCTCCCAGA
742	1	ATTTGGTGTTATGACTCTTCCGGGTTTTGGCCATCTTAATT
743	1	TTTCCCAGAACTCAGTCTCACGGATCCCATGCTCTGCCTGA
744	1	TCAGCGGGGCCATTGGGGGGCGGGGAGGGAGGTGCTGAACA
745	1	TAGCCTCAGATGGAGCTGGCCGACCAGCAGGAAGACCAAGT
746	1	ACAGCTCCCAGCGTGAGCGACGCAGAAGACGGGTGATTTCT
747	1	TCTCCTCCCTGCGTCAGCGGCGGCACCAGTGCCATTGGTGA
748	1	CTGTACTCTAGCCTGGGTGACGGAGCGAGACTCCATCCCAA
749	1	TAGACCAAACGTGGTATCAACGTAAGTGTCCATCAGTGGAT
750	1	GTGTGAGCAGAGCCGGTGACCGCCCTGGGGTGAAAGCAGAT
751	1	TGACCCTCAAGGGACTTGGGCGCATCCCTCCCCGCTGAGTC
752	1	CCACCATCTGTCATGCTCCCCGTGTCCTCCCACAGCAGTCC
753	1	ACTTACCAGGTCTGTCCCTGCGGCATCCAGTCTGTGGGTCC
754	1	CCCTCCCTCCTTCTCCACAGCGTAAGTGTCTCCCCTTGCTC
755	1	ATGTATGCAATAAATATTTTCGTGTATTCCTTAGATTTTAG
756	1	GGGGTGAACCCGGGAGGCGGCGAGATCCCGGGAGTGGCCGA
757	1	GGATCACGAGGTTGAGAGTTCAAGACCAGCCTGGCCAACAT
758	1	ACGTGCAGGTTTGTTACATACGTATACATGTGCCATGTTGG
759	1	AGAAAACTATAGATCAAAATCGATTCTGAATATAGACACAA
760	1	ATGATGAACATGAATACACACGTATATATAACTATATATGC
761	1	TATATGGAAAAAATGTCAAACAATAGCAATAAATGTTTAAA
762	1	CATTAGAAGGGTTTTGAAAACGATGAAAACAAAGTGTGGGA
763	1	TGCAGAGAGCTCAGTGAGGGCGGCCCCAGGAAGGCCCTGCA
764	1	TGTGCGCGCGCGTGTGCGCGCGCGCGTGCATCTGTACACAC
765	1	CATGTGATGCTTATCCGGCACGGCCAAGCCCAGCACAAGGA
766	1	CCTTTATTTCTCAAGCCGGCCGACGCTTAGGGAAAATAGAA
767	1	AATCCAGCTCTGATGCGTCCCGAAGTGCATGTTGTTGATCA
768	1	AAAATCCACAACTGTGTGTGCGTGTGTACATTTACACCAAA
769	1	TCAGCTCCTGAGGACGCTCCCGGAGACTCGGGCTAGTTGGG
770	1	CAGCTGAGGGTGACCACCCTCGGCAGTGCGGGCAGGCAGGA
771	1	GCCATGGTTCCAGCTGGTGGCGGGCCTGGCCAATCGGGAGG
772	1	TCACGCCTAAGAGTGCCCATCGCACGCTGCTCCGGACTAGT
773	1	GAATTGTGGGGCTTGGGAAACGGATGACCCAGTCACCCAGG
774	1	TCTTCCCCAGTATCCGGTGCCGGTGCAGTCGCAGATGAAGC
775	1	AATTTATAGTGCAGTATAGGCGTTAAGCCTATAGAAAATCA
776	1	GCTTCGGCTCGCGCACGGTGCGCACACACACAGGCCTGCGC
777	1	GGCCACTGAGTCTGTTGAGCCGTAACCTGTCCACTCACGGG
778	1	TCAGGAGATTGAGACCATCCCGGCTAACATGGTGAAACCCT
779	1	CCTTTTGTTTCCAGTGCTTACGGCTCACTTATCCCATCCAT
780	1	GTTTCCTGGGGCGGGGGGGGCGGGGCAGGGGTTGGACATTT
781	1	TGCCCCCTGATGATGTGTGGCGAGCCCACATCATCAGGACT
782	1	CTTAATCCCGATGCTTCCTTCGCCTCAACGGGCATTTAAAT
783	1	CTCTGCACCATGCTGCGGCCCGGTTTTCCTCCAGACAGCTC
784	1	TCCCCACTGACTTTTCCTTACGCTTAGAACAAACTCAGAGG
785	1	TTATACTCTATTGTCATATTCGGAGTCATCCTATTAGTATC
786	1	CTCCTGCCTGCCTCCTGCAGCGTGCTGCTGGGCAGCCCCTT
787	1	ATACTTATAAATCTAACATACAGTAAAATAAAATGAACACA
788	1	TAAAGAGTAGGAAGGGGAGACGGGACGCAGATCCCACCAGT
789	1	CAGGGAGCCTGGCAGCGGAGCGAGGCTGGGAGACCGGTTGG
790	1	CCAAGTCTGTAGACTGGCTCCGAGGTGGCCGGTGGTCTAGG
791	1	TGAGGGAGCGACTTCTTCCTCGGTGTTTGCTTGCTCTGGGT
792	1	GATGACCACACTGGTTTCCACGAGTGAGAACCATAGGCTGC
793	1	CTGGGAGGAGAGTCGGCAAGCGCAGCCCAGGCAAGGGAGGA
794	1	CACCCTCCTGCCAGCTCACCCGAGTTCCCCATTGGCGGCCA
795	1	CTGCCCTGCCAGCTCTGCTGCGCACTCGGACCTGCTGACCC
796	1	AGGGCTGGGCAGAGCCCCAGCGCCATGCAGCCCACAGCAGG
797	1	CCTGGCCGGCTGAGGTAGCACGGCCAGGGGGGTGGTCTGGA
798	1	GGAGTTCAGGGTACCAGGACCGAGCAGCCACAGGTGAGCAG
799	1	TCAGGCCATCTGGGCATATACGTGCAAGTCACAGGGGATGC
800	1	CCCGGGTGGGAGGCCTGGCCCGAGCCTGCCCTTGCCTCCCC
801	1	TCCTTTTCCCCTGCAGAGCACGGTCAGTGAATCCACTTTGA
802	1	ATGTTGTTAGCAGCACTCTACGATAACTTAAGAAGCCAAAA
803	1	CATGAATTTTGGTGGGGACACGTTATATCCAAACCACAGCA
804	1	ATATACACACGATTTAAACACGGTTCCTCATTTCTTTCTTA
805	1	GTTATTCTGACCTCTGCTTCCGTGATCTCCTTTTCTGACTC
806	1	CTGGGACTGGAACGTGGGGCCGCAGAGGCCAATTAGCTGTA
807	1	CCTCTGCTGCGCGGGTCTCCCGCATGCCGGAGCGGAAGAGG
808	1	CCCCCTTCCCCAGTGAATGCCGTCCCAGGCTCCTGCCTCCT
809	1	ATTACAGCCTCGGGCCCTGCCGTGGGAGGGTCTGCACTGAG
810	1	CTGTCTCCCCTCCTCATCTGCGGTGTTCACTTTCCCTCCAC
811	1	CTGGGCTGCCTGGACCCTTCCGGGCAATGGTGTTAGGGGTC
812	1	CCCAGCCTTTCCACCCTGAACGTTTCACTATGGGCTCCAGC
813	1	CTCACCATATGGGCGCAGGGCGGCTGCGGGGGGAGGAGCTG
814	1	GACCAACAGAGGAAGTGCAGCGAGCAGCCCTGCCCTGCCAG
815	1	ACAACTTACTCTCGGGACCACGGGGCAGGGGGTGGAGCAGA
816	1	ATCACAGAATCAATGCTCAACGGATCAATGAACAAATGACT
817	1	CCCATCTAGCCAGATGCCATCGTAACTCACCTTCACAGACG
818	1	GAGGCGGAGGGGGTGGGGGGCGGGCGGCAAGAGTGGAGGGG
819	1	CTGGGCCTCTCACCCTGCCTCGGCGTCCTGGACATACCTGC
820	1	CACCTGCTGGGGTTGGGGGGCGGGGGGTTTGAATAATGTAG
821	1	TGGTCTCTCAAACAAACACTCGGAATTCCTTCTCCCTGTGA
822	1	GAGCCCTGCCTCTGCCCCTTCGAACACAGTTGCTGAGGGAG
823	1	CTCTCTATGGGCATCGTCAGCGAGGTCCCGTGGTGGGGGGT
824	1	CGACCTGGGGTTCACACGCCCGGGTGGCGGGCAGACCCGCT
825	1	TTCTTGGTATCTCTGACAGCCGGGTGCTCCCAGGTGTGGGG
826	1	TTTTTTTGGAGACAGAGTTTCGCTCTGCCACCCAGGGTGCA
827	1	CAAGGGAAGCAAGGCCCCATCGACTCTTTCACCCCAGCAAC
828	1	CCCAAAACATGTTTTTTTGTCGTTCTTTGAAATGGCCCTGC
829	1	TTTGCCTTGCCCAAGGTGGGCGATGGAAAGGACAAGCCATC
830	1	ACAGCAATTGACGCATCTCACGGCACTGCTCTCTGCTGGGC
831	1	TTGAGGGTTGGGGCGGGGGGCGGGGGCGGGGAACAATCACT
832	1	ACCCAGCCTCCCACTTCACACGGAGAGGAGGAACATCAGGA
833	1	CACTCATGGAGGTCTCAGGTCGCGGCCAGGACAATCTTCAG
834	1	TGGGAGGATGTGGTGGAGTGCGTGACCTCTGGAGAAGCTTG
835	1	GCGGGGATGGAGATGGGAGGCGGAATGGACCGGGGTGAGGG
836	1	AGAGGGATGGAGAGAGGTGCCGGGAGCCTCTAGCCCTCTCC
837	1	CGCGCGGGGAGGGAGGGGGGCGCGGCGAACGCGCGCGTGCG
838	1	AGCGAGGGCGGCAGCCGCGGCGGTGCCTGAGGGCCCCGGGG
839	1	TTTTCCTTTCTTTTTTGTGACGGAAGGGCGAGCAGCAGCTC
840	1	GGAGGGCACTTGCAGATGGTCGATCTGCCAGGGGACCTTCC
841	1	CTTCTCTTCTCCGCATCAGACGCTAGGAAAACACTAGCAAT
842	1	GTCTGCTTTTCCCTCTGGAGCGTCAGCTTCTCAAGAGCAGA
843	1	CCAGATGGGGGACATCCTTACGGCTGGGAGACGTAAGAGAA
844	1	CATGGGTATCCTTTCTTAGACGGCTTCTAGGACTTAAGCCA
845	1	TTGTTATAAGAGAATGAGGACGTAGAAAGCCTTTCATCCAT
846	1	ATGTGCTTATGTTTTATCTACGTTTGCTCTTTGCTGAAGTG
847	1	GCAGGAGGCAGAGAGGCTCCCGGGCAGAAAGGGGTGGGTAC
848	1	CAGCAAAGGATGAGAGTTAGCGTACAGATAATTAGCTTCCT
849	1	GAAGACCGCCCTGCCAAGTGCGGCTGCCCCTGCCAGAGGCT
850	1	TCTCAACTGGGACTGAGCTCCGGGGTCCTTAATTCCTCATC
851	1	AATGGCATTACTGATATCTACGTACCTTTTTTAACTTACAA
852	1	CTATCTGAGTCACTGCTGTACGCACAGCATCTAAACCACGT
853	1	TGGAGGGACAGTAGGCTACACGGAGTCTGAGTCACTCCTCG
854	1	GGCAGCTTTCAGGGGCGGAGCGCATCCAGGGAGGGTCCAGA
855	1	GCAGCCACTGGCCCAGAGGCCGGGGAGGGTGGGTGGAGGGA
856	1	AATCACAGACCTGGGAACGCCGTTACAGTGGCAAAGAATAA
857	1	GAGACAAGGTCTTAGAGCAGCGGTTCTCAAACTCCAGCACC
858	1	AGGGCGTCCAGCATCCTTGCCGGTGTGAGGGCGTCCATCCA
859	1	GAGCTGCCTGCAGGGAGGAGCGGCCTGGGGACTTTCTTTTG
860	1	CTTGGCGGGAGCACGCGGAACGATCAGCTCAGCCCGGCTCC
861	1	CAACGCCACAGCAGGCCCCTCGGCCAGGGAGACCCTCCGAT
862	1	GCCGAGGACATGGACTATTACGGTCCAGGCCATCCTTCCAG
863	1	CATGAATCACCCACGTCCCACGGTACCTTCAAGGTGCTTGC
864	1	CCTGCTGTTTCCTCGTGTCCCGGGATGTGGATTTAGTACCA
865	1	GGCACTCCCTGGCCTTCCCACGCCAGCGCCAGCTCCCAAAA
866	1	TAGACTAAGGATTTGAGAGACGGGAGATCCTGGGCAGGGGC
867	1	CTCGTGCTGCAGGGAGAGGGCGGCTGAGCTGAGGCACCACC
868	1	GTCTTCCTCCAGGGTAACAACGATGATCTCATCCTGTCCTG
869	1	CGGGGCGGCGGGGGCGGCGGCGCCAGGCGCGGGCAGCAGGG
870	1	GCCCTGTGCATTGCCCCTGTCGCTCTCTTTGTCCCCTTTCC
871	1	GGCTGGGGCTCACTGAGCAGCGAGCTGCACCAGGGGTGCCG
872	1	GCTAGAGAATGGAGTGGGTGCGGAAGGAGGTGAAGCTGGAG
873	1	GGAGAAGCTGGAGGTGCCTCCGTAGAGTGTTCCCGGGAAAT
874	1	GCGACATTACAGGGTGAGTACGTAGCAGATGAGTGCTTGTG
875	1	GGGGCAGCGTCTGACACTGCCGATGCCCCTCCCGGAAACCC
876	1	TACCCGCCCGTCCTATCTCCCGGGCCCTGTGCACCCTCCCT
877	1	ACTGATGGACAATAACAAAACGAGTGTTTAGCATTAGCCAT
878	1	CTCCCCAGAGCCTGTCCCACCGCGGCCTCCTTCCCTCCATC
879	1	TGCATTGCTGTTGCATTGCACGTGTGTGAGGCGGGTGCAGT
880	1	AGCTTCATGTGCTGCAGCAGCGCAGGTGACGGTGCCTCGAC
881	1	TGGGCGAGATCCTGGCAAGCCGCGGGGTGGGGGGTGGGGGG
882	1	ACACCTGGCTATTTTGCGCGCACGCGCGTGTGTGTGTGTGT
883	1	CCAAGCTACTCGCAGGAGGACGAATTACAAGCGTGGGAAAG
884	1	GTTGAGGGAATCTGGCAGGGCGCTGAGAAGTGTGTCCTGCT
885	1	GCTCATTCTCTCCATCCCCACGGGACACAGGAAATGCTGGC
886	1	ACACTCCCGTGCAGCTGAGGCGCCTGTAGGCTCCTCCCCAA
887	1	GACCCTTCATGTGGCTCACACGTTAGACTGGAAGGGCTGGC
888	1	AGGGCCAGGCTGGAAACCTCCGGCACAGTGAGCAGGGTGCT
889	1	CTGGAGGGTAGGTTCAAGGCCGTTGCCTTCACACACTTGGG
890	1	CCTGGGCATGCAGGGCAGCACGAGGAGCTGAGCAGGGAGTG
891	1	AGGAGGCACAGCACAAGGGGCGGGGGCAGCTGGAGATGACA
892	1	CCATCTAAACTCAACCCTGACGGAGGAACTGGAAAGAATCT
893	1	GGTCACCAGGCAGATGAGCACGGCCAGGAACACAAAGAGCT
894	1	TGTGCAGCAGCAACCCTCAGCGGGGAGACTGCAGAACGTGT
895	1	AGACAGCCATGGAGAAGCTACGGACAGAGCCCCAGTGGGTG
896	1	TACAAGTGAATCTCTGTTCCCGAACCCATTCATTCTCCCTA
897	1	GGAGGCAGGAGCCTGGGAGGCGGTGCAGGAGAACAGTAGCC
898	1	AGGGCAGGAACAGCAGCCTGCGGCTCCCATGGCCTGAAGCC
899	1	TGGAAAGAGAAAATTAATGACGATTCACACACACACACACA
900	1	CATTATATGTACCAAAGCATCGCTATGTACTTCATAAATAT
901	1	AGTTAATTTCATTAATTAGTCGATAATATCTCAACCCAGTT
902	1	TGGCCACCCTTTGGCCCATACGGTCTCTCCTGCCTCCAATC
903	1	CCAGGCGGGCCTGTCTCAGGCGAGCCCAGGAGTCAGCAAAA
904	1	TGTCTCCACGGGGTGGGGGGCGGAGGACAGAGAAGGGGGAC
905	1	GACGGGGAGAGAGAGAGAGACGGGGAGAGAGAGAGAGACGG
906	1	GCGGGAGGGTGCACCTGTCCCGGGCGCCGTAGGCCTCTCCC
907	1	GGATTACAGGCGTGAGCCACCGTGCCCGGCTCTTTCTAGGC
908	1	AGGAGCTCAGTGAGGACATCCGAAGGACCCATGATGCAAAG
909	1	CCCCCTCCCTGGCAGCACCTCGAGCAGAAGGCCGAGTTCTG
910	1	CTAGGTCTGGGCGGGCTGTGCGTGCCGCCGTGTCCTGCCAA
911	1	TGGAGGCCCCAGAGAGGCGGCGGCCAGGCCCTCTGTTTATT
912	1	GGGACACTGCTGTTGTTCTACGCCACCCAGTTTGTAGGAAT
913	1	AGAGGAGGGGAAAGAAAGGGCGAAGAGAAAAGGGGAATGAA
914	1	AGCTCTGGGGGGAAAGAGGGCGGACAGGCCCCTCCCTCTGC
915	1	GCAGGAAGCTTGGGCAGCCACGGCACGTGGATGTGATTGTT
916	1	ACACGGGTGGCTGGAAGCAACGGGAATGTGGTCACTCAGGG
917	1	TTCTCATTTCTTCCTGTTGCCGTCCCCTTCCCTGGCTGCTA
918	1	CCCGGAGCTGCGCTTTGTCGCGGAAAGCCAAAAGCCGCTTC
919	1	GGACCTGATGAGACACCGTGCGTGACCCTGGAGGGCCACCA
920	1	TGACATTCCAGACACGACAGCGAAGACAGACAAAAGCGAGT
921	1	CAGGGCTGCTGCGGCCGGGCCGGGGACACACAGGCATCCTG
922	1	CTAATACGGCCTGGGGGGTGCGGGGCGGGCCAGGGGACCCA
923	1	TCCCCGAGGTCACGCTCTGCCGTCTCTCCGGTTGAAAGGTG
924	1	AGGTGCCTGCCAGATGTTGACGATTACCAAGGAACAGAGGC
925	1	GGAAGCAATGGTAGAAGAGGCGGATTCTGGTCAATAGCCTT
926	1	ATTGCCAGTGTGCCTTTGTGCGGGTAGCTGCTGTGAGATCA
927	1	AGACGAGCGAGGCAGTTGGTCGGGGAGGTTCAGAGTCCAGG
928	1	ATTGAACACTTGAATCACTTCGTTTTCAACCCTACCATCAT
929	1	CCTATCACTGTCATTTCTCACGGGGATTATTATCCCAACAG
930	1	AAAGGAGAAAAAAAGTATACCGTATTCACTAAAGTCTCATT
931	1	CGGCACGTGCTGGAGCTCTGCGGCAATCTGCTTCCACCCAA
932	1	TCCTGCTGTGACCCTGTCAGCGCAGCATTTGAGGGCTGCTT
933	1	GGGGAGGGCCAGGGAGGGAGCGAGGAAGGGAAGCTGTCTCT
934	1	AAAACAAATTAAAAACACGACGAAGGATATGAACATGCAAT
935	1	TCTACTTAAGACATACATAACGTTGATCACTTTCAGGCTAT
936	1	GATTGGTGCATTTTACAGAGCGCTAATTGGTGTGTTTTACA
937	1	TTTAATAAAAATTTAATGTACGTTTATTTTCAAGTCATATT
938	1	GGCGGGGGACTGGGAGGGGTCGGGGCTCCATCACGCCGTCG
939	1	CTCATGATTCTCATGCATAGCGAGGCTGAGAACCACTGACC
940	1	TGTTTTTTTTGAGGGGGGGGCGTGGTTTGAGTGTGTCTTCC
941	1	TAATAAAATTTTGGTCAGACCGGTTCTCTGCTCTCAAACCC
942	1	AGGACAAGTTTCTTGGCTCACGATGCTTCTGTGATGTGAAT
943	1	CGCGGAGGTTGTGGAAGACGCGGCAGCAACCGCCTGCTGGA
944	1	CTTCAGTTTCTGAAGCATGACGAGTCCCTTCCTGTCCCAGG
945	1	CTAAAACCTTCCCAGCCACTCGAGTCTTGAAATCTCTAGCC
946	1	CCACTTAAATCCTGAAAATACGTTAGCATTCCTTTCAAGCC
947	1	TTTCACTCTAAAAAACAATTCGAGGCTAAACTTTAGCTGCA
948	1	AACAATAGTACTGCCGGGCGCGGTGGCTCACGCCTGTAATC
949	1	AGGCCGGCAGGAGGCCTCCACGGTATGTGAGAAAGCTGCCT
950	1	TGTCACTGTGGCCTGAGGGACGCTCCAGAGCCCAGCACACA
951	1	CCCTCTTCTGATGTGACCATCGACGAGGAAATACCCCATTC
952	1	GGAGCCATGGCGCTGATCAACGTCTCCCATCGTTCCTCCTC
953	1	CGGTGCCCTCGACAGCGTGGCGCGGCGCCCGCGCTCCGGAA
954	1	TGCCCTGGGCACGGAGAGTCCGTGGTGCCAGCCCACAGGCA
955	1	CCGGCCTTCTCTGTGCAGGGCGAGGTCTGGGCCAGGAGGCT
956	1	CTGCCAGGGCTGCAGAGAGACGCGCCTCCCACGACAAACAG
957	1	AGGGGACACGGGGTTGGGGGCGCAGGCCTCTTGGAGGGCCG
958	1	CCTGGCTTCCTTCCATCACACGGGCAGAGGCCGCCCACCTA
959	1	AGGATTTACTGTGCTGTGTACGTAGCCGCCCGGCTGTTGCT
960	1	ATATGGTTCCCTGCTCACAGCGCGGGCCGCGCACCCGTCCA
961	1	CCATCTGGTTTCCATCTGCCCGGCCCAGCACGGCCCAACTT
962	1	CCTGCGCGCTGGCCGCGGGCCGAGCAGAGGCGCGCCCACCT
963	1	TGCTGGCTTTTTCCCCTGCGCGCTGGCCGCGGGCCGAGCAG
964	1	CACCTGCGCCCCCTCCTCTGCGCGGCCTGAGACACAGACGT
965	1	AGGGACAGGGCCCGGGGCAGCGGCCTTCCAGAATGGCTCCC
966	1	CCTGGACGGGGGATGGGGGACGGGGGGAGAGTGCCTGGACG
967	1	TCACGGTCACTGGGGCAGGGCGGTGGCCTTTGGCCATCTCC
968	1	TTTCTGAACCTCAATGCCCTCGTCTGTGAAAGGGGGGAGAA
969	1	TGGGATGTGGCGGCGGGGGCCGGGGGGGGCGGTGTTCCAGG
970	1	GATTCTCCTCAGGCTTCACCCGGAGCTGTCCCCCTCCTCGG
971	1	AGGTGGGGGCTGGAATGACGCGGCCACAAGCCGAGGATGCT
972	1	CTGCGCGTAGGGACTCGCCCCGTGCTGGGGACGCTCTGGGA
973	1	GCGCTGACTCCCAACGGTGACGGCTCCCTTCCCCACTCCAT
974	1	TCACCCCACTGGAGTGGGGCCGGGGCCCAGGCCTCTCAGAG
975	1	ACTGGTGGGGACGCGGGGAGCGGCCCAGGCCCCTGCCCCGC
976	1	CACCTCCCTCCTGGACGGGGCGGCTGGCCGGGCAGAGGGGC
977	1	CGTTTTCCAGTCCTCTGTAGCGCTCCCTTGGCTGACCTGGC
978	1	GATAATCCAGTACCAAGAGACGGTGTAATCTTCAAATATGC
979	1	CAACAGGATGTCTCTCAGCTCGGGCGACATGAAGTAGGGTC
980	1	CCACGGTGCCACCTGCCTCACGGGTAACCTCCCTGTGGCTC
981	1	GGACAGAGGGGGCCAGGCAGCAGCTGCAGGAACCTGGGTAC
982	1	TTAGCTGTGGGGTTGGGGGGCGGGGCTTGGGCCTTAGTTTC
983	1	TGTCTGGACTCGGCCCACCGCGTCGCTGCACCCCTCTCCCC
984	1	AGGCCCCCAGGGCCCTCCAGCGAGCATTTTTACAAATGACA
985	1	GCCTCGGAGCCTGCCTCGGCCGCGGGGCATTGCCCTGAGTG
986	1	CGCCGGCTGCCCTTGGCCGACGGCTGGCCCCGGTAGGAGAT
987	1	CCTCCCCTTGGATGCCTTCCCGGGGTCTTGGGACCCGCACT
988	1	TCTCAGCTTACCGCAACCTCCGCTTCCCAGGTTCAAGCGAT
989	1	CCTGGGTCTGAGGGAGGAGACGCGGGGGGCCTGGACTCCTG
990	1	CCCACTCCCCACCCCAGCACCGGTCCAACCCCTTCATCCCC
991	1	TTTTTTGAGACAGGGTCTCCCGGGCTGGAGTGCAGTGATGG
992	1	AAGAGAAAGACGGGGAGGAGCGAGACAGCAAGGAGAGCAGC
993	1	GCCTGGGCCGATCATGTGGGCGAGTTTGGGCTAGCATAGAG
994	1	AATCCTTCCCCTCGAATCTGCGCCTCAGCTCCTCCTGCATG
995	1	TCCCCGCCTCTCCTCCCGGGCGCACCTGCAGCAGCTGGGCA
996	1	CCCACCACGGGGAGTTTCCACGGCAGCTGGCCCTCTCCTGA
997	1	TTTTTTTTAAATCACATATGCGTGTATTCTGAAAACAATAG
998	1	GCTGACTCTGGCCAGGTTCCCGTGCCGCGTCCAACACCCCT
999	1	TCCCCTCTCTGAACCTCAAGCGAGGGGAAGGTTTGTGGGGG
1000	1	CACGGCAACATGGTGTAGCCCGCGCCTTTGGGTCCATAGAA
1001	1	TGCCAGGACCCCCCGGAGCCCGTGGTGTTGTCCACCCCTGC
1002	1	CGGGAATGAAGCCCTCCAATCGTGGCTTCCACCCAGTGACC
1003	1	GAGAAGTTTGTAACAATAAACAATTTTAAAAGAAAATTTAA
1004	1	CGGCATCCCTCTTCTCTCCACGTATCCGTCTCTCTCACTCA
1005	1	CTGATGCTACCTGTTCACTTCGGGCTGAGCAGGAGAGAGAA
1006	1	GGCCTTCAGAGACCTTCGCACGTTTCTGCAAGTCCCAGGAA
1007	1	GGGACAAAGATAGAGTGTCCCGGCAAGATGGGGCCAGGGCC
1008	1	GCCAGGCTGGAGTGCTGTGGCGCGATCTCGTCTCACGGCAA
1009	1	CTTCCTGCCCGACCAGGCCGCGGGGCTGTGCGGAGGCGACG
1010	1	GTGGCCGGGATGCAACCAGCCGAGCTGCCAGAGCCAGGGAT
1011	1	TCCTGCTGCAGCCAGCCCAGCGTGCGGGCCATGGGCCCTGC
1012	1	TTGGGGCTGACTCAAAGCTACGAGTGGTGCCTGACTCACTC
1013	1	CGGGAGCAGCTGCTCCGAGACGAGTGTTTTGGGAAGAGCTG
1014	1	GGATTGTGGGGGCTGGGGGGCGGGGGCGAGGGGCGAGCTAG
1015	1	CTCCTCAGCCAACTCGGCCCCGCTGCTCTGACCCCAGCTGA
1016	1	TGCCTTCAGTCAAGGGAGGACGTGACTGGTGTCCTTACCAT
1017	1	CTCCCTCTGCCAGGTCCTCACGGGGCTGGATCTATCCATGC
1018	1	CCCGTGCATTCAGCCCTTCACGGTGTGCACTAGAAGCACTG
1019	1	ATTCTCTCCAGCTGCAAGGCCGAGGCCCCGCGGTCGCTCCC
1020	1	TTAGAAGCTGTGATGTTCCCCGTAGCTTCAAACAAACAGAT
1021	1	AGAGTTGCTGGGTCGGGGGGCGGGGGTTGGTTTGGAGGGGA
1022	1	CGGCCTGGAACAGGGTGACCCGCGTGCCTTAACCACGGCCC
1023	1	CCACCCTCCCCAGATGCATGCGCTCATCCTTCAGGAGGCTG
1024	1	AGCTGGGTCCCTCCTCTCAGCGCACCCAGCTCCAGCCACAG
1025	1	GGCTGCTCAGACAGGGAGGGCGGACCAGGATCTCCCTGGTT
1026	1	CTGCTCCCAGCACGGGCCATCGGCCTGGCAGTTTGCAGCCT
1027	1	TCAGAGCAAAAAGAAGGGCCCGAGCTGCCCTCACCTCCCGC
1028	1	GGGAAGGAATCGGATCAGGCCGAGACACCCCGCCTCTGGCT
1029	1	CCCTTGCCTCGGTGTGGTGGCGTCCCCGCAGGCTGCAGTGG
1030	1	CGGGCGCAGGGGTGCAGCCCCGGCTCACAGGCTCCTGGGAA
1031	1	TCCTTCCCAGGCCCCAGCACCGGAGGTGGGACCAGGTGACC
1032	1	GTGCCCTGCTGAGCCCTGGGCGGGGAGGTGGCTGTGTCCCC
1033	1	AGAATCCTAGCTTGGTTCATCGGGTTAGATAGATTGGGGGG
1034	1	TCATTCATTTTAAATAATTTCGGTGCTTACAGAACTTTCAT
1035	1	TGAATAGCCAAACATGACTCCGGCTTAAGGCTTTTGCTTTC
1036	1	AATCTGATTCTGATTGGTAGCGAAAATTAACAAAAAGATAA
1037	1	TTTACTTGGGACCAAGGGGTCGTGGAGGGGTGAAGTGATTT
1038	1	CGCCCCGCTTGGACAGCAGCCGGTAGTACTTGGTGGTGACC
1039	1	GGGGCAGTGGTTTCTCATCACGTGTGGGTTGGCGGGGGGCG
1040	1	ATCCACTCAGAATATTCTTACGTGGAGCTCTCCCTGAGTCC
1041	1	AGGGAGGGAGGGTAGGAAGGCGCAGGTGGAGGAAGATGAGG
1042	1	CAGAGTGTGGCTCTCAAGGGCGGTGCAGGCCTGAAGGCCCT
1043	1	TGGTGGAGGTGGTCCCAAGGCGTGTGTGGCTTCTGGGTTCC
1044	1	GGGCGCCTCTTAAGGCCTATCGTTCCCATCGCCCAAGCTCC
1045	1	AAGGCACAGGTCAGGGGCAGCGGGCAGGTGGGGAGCGTCAG
1046	1	GGGCCGTTTTTGTCACAGCCCGGGGTGTTCACCATCTTTAT
1047	1	TGGGACAGAGGGATGGAGCTCGGGGGAAGACCAGCAGATCC
1048	1	CCAGTGAGCATCTGAGACCCCGGGGCTGGGCGGCTGTGGCT
1049	1	GTCAGGAAATGGAAGCCCAGCGAAGTGAAGGGATTTGCTCT
1050	1	GGGCAGGGCAGCAGGCCTCCCGGCTCCGTGGAGCCTGTGAT
1051	1	CGAACTCCCAGGCGGGAGCACGGCTGTGTCCAGTGAGCGGC
1052	1	GTGGGTGCCTGGCCTGCCAGCGCTTCCTCCTTCACTTAGGT
1053	1	CAGGCGTCAGGTGCCCACCACGAGAGACCCGAACAGCCTCT
1054	1	GCCGTCGGTGATGACCACGGCGAAGTGGACGGTGCCCTTGC
1055	1	TGTGTCTTGGGGTTTCCAGTCGGTTATTTTGTTCCACTTCC
1056	1	GCTGGGTCAGAGAGAACGTGCGTGTGGTCAAGCCTGCTGAG
1057	1	GTTGTTTGGTGGCATCTCCTCGCCAGGCGAGGCTCCTCCCA
1058	1	CAACGTGCTGACCGAGGTGGCGGACACAGGAAACCAGCCCA
1059	1	GAAACTCCAGGGACAGCAGACGGCACACAGGCTGCAGAGGC
1060	1	TTGTGGCCCCCACCCAGGAACGGACTCAGCTCAAGAAGAAA
1061	1	CAGGCACATACTCATGCTCCCGGAGGACGGAGGAGCAGCAA
1062	1	GAGCATTGTGTTCAGTTTGTCGACTCAGCAAAACAGGCCCG
1063	1	GTGCTGCAGGGCTGCGGGCACGGGGAGTCTGGGGGGTGCTC
1064	1	CCAATTCCATTCTGAGGAGACGAACTTCCTTTTCTTTCTCT
1065	1	GTGTCCTCTATGTCAGCTTGCGAGTGCTGGGAACATCCAGT
1066	1	CCAGCAAAACAGTCTGGGCTCGTATTATACTTTTCCTGCCC
1067	1	AGGGAGACAGCGGCCAGAGGCGGGGCCGGCCCAGGGGGCTG
1068	1	CCCCTGCCAGCCAGGAGGAGCGACTGCAGAAGACACAACCC
1069	1	CTCATGCTGAAGTGGGACAACGGCCCAGATGGTAAGAGGGG
1070	1	CCTTCTGCCCTGGCAGGCGGCGCTTGGTTACTGGTGCTGCC
1071	1	TACTGCTTCCAGCCGACTTGCGAAGAGCTGCTGGAGAGCGT
1072	1	CTGTGCTGGGAAACAGGCCCCGTGCACTCAAGCGCAGGTGA
1073	1	TGGCGGGCAGGCGCGGTGGGCGCAGGGGGCTGGGACGCCGA
1074	1	TCACGTGAGCCCAGTGTTTACGCCTTTTAACAGATGGTTTG
1075	1	CTTCGGCCTTTGCTTTGTGCCGACTGACTGTCCCCTCCCCT
1076	1	ATCACGCTTCTCCCTGCAGACGCACAGCCCCAGGAGACAGT
1077	1	AAGCCCAGAAACCTCTCTGCCGCTGTGGCCTGCCTGGGTGG
1078	1	GCTGGCCTGTGTCTTTGTGACGATGTTGCTTATCTTTGCCA
1079	1	CTTCTGGTGTGACTCCTGGACGTCTAAAGGGCTCCTGACCA
1080	1	GAGAGGAGCTGGCCTATGACCGGATGCCCACGCTGGAGCGG
1081	1	TCCTGGGAGGCAGTCAGTGCCGTCTCCCTGCGTCACTGGCA
1082	1	GAGAGAGAGAGAGAGGAAGGCGTGGAGGGAGCAAGGAGGGG
1083	1	CTCCACAGACAGAGCAGCCCCGAGGGCTGCTGGTTGCCCAT
1084	1	TCCTCGCATGGTGGAAGGGGCGAGGGAACTCTCTGGGGTCC
1085	1	TTTTTTTGCATTCAGGCCTCCGAGGATGAAAGATGTTCATC
1086	1	TAAAAAAGAAAAAAAAAGAACGCATTTTTAGTAAACTCACA
1087	1	CATCTTCCCCCGCAGTTCGGCGGAGAAGGCGCCTCTTCCCT
1088	1	GGGCAGACTGACACTTCACACGGCCGGGTACTCCTCTGAGA
1089	1	GGAGAGGAGAAGCGAGTTCCCGAGATCTTCCTTGGGGACGC
1090	1	CACTAACATTAGACCTCTGACGGCTGGCACAGAAGGCTGTG
1091	1	GTTAGAAATGCAGGTTCTCACGTCCTGCCCCATCCTGCTGA
1092	1	CCTCTCGTCTTGGAAACACACGGTGGAGTTAGGGCAGTGCT
1093	1	GCGAAACTCCATCTCAACAACGACAACAACAAAAATACGTA
1094	1	TGGAGAAATCTAGTAGGTGCCGTGAAACAAACCTGCCCCTT
1095	1	TACACACCTAGGTGGCTCCACGTCTCCTCCCTCAGGCATCC
1096	1	TTCTTGGTCAGAGCACTGGTCGATGGAACAGACCGTGTCTG
1097	1	AGTGCTTGCACTGTGGGGCTCGTCCTCTTCAACTACTGCCT
1098	1	ATCTTCTCCGTGTGAGACACCGAACCCAGGGTATTTACCCC
1099	1	TCACATTTATAGAGTGCTAGCGTGCCTGACCCCAGCTGAGC
1100	1	TGGAAACAACCTAAAAGTCACGCAAGAGACTTTGGTTAAAT
1101	1	GCCATGTTGCCCAGGCTAGTCGTGAACTCCTGGCCTCATGT
1102	1	GAAAGTTCTAAGTTGCAGGCCGGGCGTTGTGGCTCGCGCCT
1103	1	AGGTCGGAGCAGGCCCTGCCCGAGCAGCTGGACTCCTGGGA
1104	1	CACCCATGGCATTGGATGAACGACAAAGTCACTCACTTCCA
1105	1	CAGTCTCTCATCCCACCCGACGAGAAACACCCACAGGTGTG
1106	1	ACCAGTTGGTGAGCAGCAGGCGAATCAGTGAAACTTCATCT
1107	1	GTATTGAGTTAATGGAGCTACGGAGGATTAAATAGAACAAT
1108	1	TTTCTCAAGGCTGCTTCAAGCGGGATTAGGGGAGGCGTGGG
1109	1	GCTGAGTCAAGTTACAGAGCCGAGCAAAATACAGGGGTAGA
1110	1	TCTCTATCATTTTTAATCATCGTGAAATGTTGTCTTTTAAC
1111	1	TGCTTTTTACCTCGGCTCCACGCCTGCCCTCAAGCTCTGGC
1112	1	CCTTTGCTCACTGGAACAGCCGAGCTGGAGGAGCAGCTGTG
1113	1	AGGAAGGAATGCTATACAGACGGGCCAAGAATCTGGACAGG
1114	1	TGCAAAAAGTCTTCTGGACACGGGGCCTGACTCCTCGGATC
1115	1	CAGGGGACTCTCGGGGCCACCGCTTGGGCCAGAGGAGAGCG
1116	1	CTGCAGAAACACCAAGCTACCGGTGCGCCCAGCGCACCCCA
1117	1	CTGGCCCCTCACCAGCAGCACGCATGCCTGGAATGTCACCA
1118	1	AAGATGGGATCTAATATGCACGATCACCAGCTCAAACTCAT
1119	1	GCTGGCGGGGCGAAGTGCCTCGCGCTTGTAATCTGAGCACT
1120	1	ACTCAGGAGGCTGAGGCACCCGGCTCAGGGGGATCACCTGA
1121	1	CCATCTGGGCGTCACAATCCCGGACAGATAGCCCTGCGGCT
1122	1	AAAGTCCTCTCCGTGGCCCACGAGGCCCTCCGGGCCCTCCT
1123	1	GGAGGGGGTTTTAGAGCTGCCGCCTCTGCTCCCTCTAACCT
1124	1	TTCACTCTCACTTTCACTCTCGGGTCCACTAGACTGGGTCC
1125	1	CCTGCTGTGAACCAAACAGCCGATGGACAATTACCTGAAAA
1126	1	TTCTGCCAGGCACAGAGATCCGCGAAAATGTGCGGGACTGG
1127	1	AGAGGGAGCAGGCAAGCTGACGTTTTTCCACGCTCATGTTC
1128	1	TGGGGGAGGGGAAGACTCTACGGATGTATGCGGGGAACTCT
1129	1	CCATGACTTCTGTGAACTGTCGTGGTGCTAGTGGAAGTCTT
1130	1	CGAGAACTGCTGGTATCATACGAAGAGGAGCAGTTTACGGT
1131	1	GCTAGCAATTATGTTCTCAGCGGCAACTGTGGGCAATGAGT
1132	1	AGGTGTGGGGGGCGGGGGGGCGGCAAACCCTAGAGTGGGGA
1133	1	ACAGGTAGGAATAGCTGTTGCGGCTAGGTTGTAAGATAAGG
1134	1	GAGCAGGGCCCCAGCGGGTACGGGCAGAAGGCAAGGCGCTG
1135	1	TTAACCCAAAAAGGAAGCTGCGAAGGCTGTCCCATCCCTCC
1136	1	GGCCTTTCTCCTTAATTAGACGACCTCCCCACTCAGTCCCC
1137	1	GCCAAATATTTGAAAGATAACGTGTAAATATTCTGTACATT
1138	1	TTGCTGTTGTTTTTCAAGATCGTTTTGGATATTTTAGATCC
1139	1	ATTCCTGTACTCACACTTAGCGTCACTGATACTGGTTTTAG
1140	1	CTTGTGGGCAGCTAAATGGCCGTGCAAGCCTCAGTGTAGGG
1141	1	GCCACTCCCTCCACGCAGAGCGGCCAGGCCCAGGCGCTCAC
1142	1	ATGTGATCAGTAGCTGGGCGCGGTGGCTCATGCCTGTCATC
1143	1	GGAAGACCGATCAGTGGGGGCGATGGCGGGGAGGGGGATGC
1144	1	CTCCTGAGTAGCTGGGACTACGGGCGCCCGCCACAACGCCC
1145	1	TGTATACGTGCGTATATGCACGCATATATGTATACGTGCGT
1146	1	CACGCATATATGTATACGTGCGTATATGCACGCATATATGT
1147	1	CAGAAAAGCTCCCCTGTATACGACTGTGATTTTCTTTGGAA
1148	1	TTTTTTTTTAATTTGCTTGACGGTGCCTTGTAAGTCTCTTA
1149	1	AGAGCTCTTTGGCAAACTGGCGGTATGTATTTTGGAAGTCA
1150	1	CCCTCACAATGTAAACAAAGCGGCTGGGAATTTTGAACTGA
1151	1	TTAGTACTGTCAGAGAATAACGGCTCAGTAAAGCCTCAGTT
1152	1	CCATGAGCCATGGACTGGTACGAGTCCACACAGCAGGAGGT
1153	1	ATGCAGTGACCATGCAGGGGCGGGCTGGTGGTTATACTCCT
1154	1	CCACAAAGTTATTTGACAGGCGTTCCCTCCGCCTCCCTTCT
1155	1	TTGTAGGCAACAATGTCTAACGTAGAAATCTTCTCTTTTTT
1156	1	AAATTCACCAGGTGTGGCAGCGCACACCTGTAGTCCCTGCT
1157	1	GCATTAAATGAGGGCAGAGGCGATATTATTTATTTCTAACT
1158	1	ATTCCTTTCTGGAAGTTCTACGAGAGAATTCATTTCCTTGC
1159	1	ACCTGGCTGAGAGGGTCCTACGCCCACGGAATCTCGCTGAT
1160	1	GACCTCTTATCTCTGTGCCCCGATCCCTTATTTGCATGCCC
1161	1	AGATAAAGTTCCAGGTTCACCGGAACCAGTTTTACGAGAAA
1162	1	CACTCCTGGGAGTTTGCAGTCGTATGCATTGTTTCCTAAGA
1163	1	CCTCCAGCCTCCTAATATAACGAACTGTTTTCTGCCACACT
1164	1	ACCTACTCAAGCCTCAGCAACGGCAGACGCCCCTCCCCGAG
1165	1	CCCGAATCCCCACAAGTGCCCGAGGCCCCTGGTGGTTCTGC
1166	1	CTGTCCCTGGCTCCCAGCTTCGTTCTTGGTTTCCTTGGAAC
1167	1	TCGCCTTGTTCTCTGGTTTGCGGCTTTCAGGAAACTGCTGG
1168	1	GGGAGTTTGCATGGCTTACCCGAAGGTCACTCAGCATATGA
1169	1	GAGATGGCTCTCTGCCTTGCCGTATTCCACAGACCATGCCT
1170	1	GCGATACAGAAGACAGACACCGACCCTGCTTTCATGGAGCT
1171	1	AGGCTTCAATGCGGAAGGGACGTGAAACCACCCACAGAAAA
